SET DEFINE OFF;

REM INSERTING into INFRA_SOFI.LOCALE_APPLICATION
------------------------------------------------
DELETE FROM LOCALE_APPLICATION WHERE CODE_APPLICATION = 'LOGIN';
Insert into INFRA_SOFI.LOCALE_APPLICATION (CODE_LOCALE,CODE_APPLICATION,CLE_LIBELLE,ORDRE_AFFICHAGE,DEFAUT,CREE_PAR,MODIFIE_PAR,DATE_MODIFICATION,VERSION,DATE_CREATION) values ('fr_CA','LOGIN','infra_sofi.libelle.locale.francais.canada','1','O','system',null,null,'0',to_date('08/12/11','DD/MM/RR'));
Insert into INFRA_SOFI.LOCALE_APPLICATION (CODE_LOCALE,CODE_APPLICATION,CLE_LIBELLE,ORDRE_AFFICHAGE,DEFAUT,CREE_PAR,MODIFIE_PAR,DATE_MODIFICATION,VERSION,DATE_CREATION) values ('en_US','LOGIN','infra_sofi.libelle.locale.anglais.us','2','N','system',null,null,'0',to_date('08/12/11','DD/MM/RR'));


REM INSERTING into INFRA_SOFI.LIBELLE_JAVA
------------------------------------------
DELETE FROM LIBELLE_JAVA WHERE CODE_APPLICATION = 'LOGIN';
--------------------------------------------------------
--  Fichier créé - mardi-mars-08-2016   
--------------------------------------------------------
REM INSERTING into LIBELLE_JAVA
SET DEFINE OFF;
Insert into LIBELLE_JAVA (CLE_LIBELLE,CODE_LOCALE,CODE_APPLICATION,LIBELLE,AIDE_CONTEXTUELLE,AIDE_CONTEXTUELLE_HTML,AIDE_CONTEXTUELLE_EXTERNE,CREE_PAR,DATE_CREATION,MODIFIE_PAR,DATE_MODIFICATION,REFERENCE,VERSION,LIBELLE_HTML,PLACEHOLDER,LIBELLE_2,LIBELLE_3,ID_LIBELLE,CODE_CLIENT) values ('login.label.home.password','fr_CA','LOGIN','Mot de passe :',null,null,null,'jf.brassard',to_date('15-10-26','RR-MM-DD'),null,null,null,'0',null,null,null,null,'41260',null);
Insert into LIBELLE_JAVA (CLE_LIBELLE,CODE_LOCALE,CODE_APPLICATION,LIBELLE,AIDE_CONTEXTUELLE,AIDE_CONTEXTUELLE_HTML,AIDE_CONTEXTUELLE_EXTERNE,CREE_PAR,DATE_CREATION,MODIFIE_PAR,DATE_MODIFICATION,REFERENCE,VERSION,LIBELLE_HTML,PLACEHOLDER,LIBELLE_2,LIBELLE_3,ID_LIBELLE,CODE_CLIENT) values ('login.label.home.password','en_US','LOGIN','Password :',null,null,null,'jf.brassard',to_date('15-10-26','RR-MM-DD'),null,null,null,'0',null,null,null,null,'41261',null);
Insert into LIBELLE_JAVA (CLE_LIBELLE,CODE_LOCALE,CODE_APPLICATION,LIBELLE,AIDE_CONTEXTUELLE,AIDE_CONTEXTUELLE_HTML,AIDE_CONTEXTUELLE_EXTERNE,CREE_PAR,DATE_CREATION,MODIFIE_PAR,DATE_MODIFICATION,REFERENCE,VERSION,LIBELLE_HTML,PLACEHOLDER,LIBELLE_2,LIBELLE_3,ID_LIBELLE,CODE_CLIENT) values ('login.label.home.page.title','en_US','LOGIN','Home',null,null,null,'jf.brassard',to_date('16-03-08','RR-MM-DD'),'jf.brassard',to_timestamp('16-03-08 13:58:55,354000000','RR-MM-DD HH24:MI:SSXFF'),null,'1','N',null,null,null,'41623',null);
Insert into LIBELLE_JAVA (CLE_LIBELLE,CODE_LOCALE,CODE_APPLICATION,LIBELLE,AIDE_CONTEXTUELLE,AIDE_CONTEXTUELLE_HTML,AIDE_CONTEXTUELLE_EXTERNE,CREE_PAR,DATE_CREATION,MODIFIE_PAR,DATE_MODIFICATION,REFERENCE,VERSION,LIBELLE_HTML,PLACEHOLDER,LIBELLE_2,LIBELLE_3,ID_LIBELLE,CODE_CLIENT) values ('login.label.home.page.title','fr_CA','LOGIN','Accueil',null,null,null,'jf.brassard',to_date('16-03-08','RR-MM-DD'),null,null,null,'0',null,null,null,null,'41624',null);
Insert into LIBELLE_JAVA (CLE_LIBELLE,CODE_LOCALE,CODE_APPLICATION,LIBELLE,AIDE_CONTEXTUELLE,AIDE_CONTEXTUELLE_HTML,AIDE_CONTEXTUELLE_EXTERNE,CREE_PAR,DATE_CREATION,MODIFIE_PAR,DATE_MODIFICATION,REFERENCE,VERSION,LIBELLE_HTML,PLACEHOLDER,LIBELLE_2,LIBELLE_3,ID_LIBELLE,CODE_CLIENT) values ('login.libelle.inscription.champ.prenom','en_US','LOGIN','First name',null,null,null,'system',null,null,null,null,'1',null,null,null,null,'37776',null);
Insert into LIBELLE_JAVA (CLE_LIBELLE,CODE_LOCALE,CODE_APPLICATION,LIBELLE,AIDE_CONTEXTUELLE,AIDE_CONTEXTUELLE_HTML,AIDE_CONTEXTUELLE_EXTERNE,CREE_PAR,DATE_CREATION,MODIFIE_PAR,DATE_MODIFICATION,REFERENCE,VERSION,LIBELLE_HTML,PLACEHOLDER,LIBELLE_2,LIBELLE_3,ID_LIBELLE,CODE_CLIENT) values ('login.libelle.inscription.explication_client','fr_CA','LOGIN','Votre code client permet d''avoir accès à un environnement sécurisé pour vous, tout les éléments du référentiel SOFI sera disponible seulement pour vous et vos utilisateurs.',null,null,null,'system',null,null,null,null,'1',null,null,null,null,'37892',null);
Insert into LIBELLE_JAVA (CLE_LIBELLE,CODE_LOCALE,CODE_APPLICATION,LIBELLE,AIDE_CONTEXTUELLE,AIDE_CONTEXTUELLE_HTML,AIDE_CONTEXTUELLE_EXTERNE,CREE_PAR,DATE_CREATION,MODIFIE_PAR,DATE_MODIFICATION,REFERENCE,VERSION,LIBELLE_HTML,PLACEHOLDER,LIBELLE_2,LIBELLE_3,ID_LIBELLE,CODE_CLIENT) values ('login.libelle.inscription.section.client','fr_CA','LOGIN','Client',null,null,null,'system',null,null,null,null,'1',null,null,null,null,'37893',null);
Insert into LIBELLE_JAVA (CLE_LIBELLE,CODE_LOCALE,CODE_APPLICATION,LIBELLE,AIDE_CONTEXTUELLE,AIDE_CONTEXTUELLE_HTML,AIDE_CONTEXTUELLE_EXTERNE,CREE_PAR,DATE_CREATION,MODIFIE_PAR,DATE_MODIFICATION,REFERENCE,VERSION,LIBELLE_HTML,PLACEHOLDER,LIBELLE_2,LIBELLE_3,ID_LIBELLE,CODE_CLIENT) values ('login.libelle.inscription.section.utilisateur','fr_CA','LOGIN','Utilisateur',null,null,null,'system',null,null,null,null,'1',null,null,null,null,'37894',null);
Insert into LIBELLE_JAVA (CLE_LIBELLE,CODE_LOCALE,CODE_APPLICATION,LIBELLE,AIDE_CONTEXTUELLE,AIDE_CONTEXTUELLE_HTML,AIDE_CONTEXTUELLE_EXTERNE,CREE_PAR,DATE_CREATION,MODIFIE_PAR,DATE_MODIFICATION,REFERENCE,VERSION,LIBELLE_HTML,PLACEHOLDER,LIBELLE_2,LIBELLE_3,ID_LIBELLE,CODE_CLIENT) values ('login.libelle.inscription.titre','en_US','LOGIN','Subscribe to SOFI Infrastructure (Step 1 of 2)',null,null,null,'system',null,null,null,null,'1',null,null,null,null,'37913',null);
Insert into LIBELLE_JAVA (CLE_LIBELLE,CODE_LOCALE,CODE_APPLICATION,LIBELLE,AIDE_CONTEXTUELLE,AIDE_CONTEXTUELLE_HTML,AIDE_CONTEXTUELLE_EXTERNE,CREE_PAR,DATE_CREATION,MODIFIE_PAR,DATE_MODIFICATION,REFERENCE,VERSION,LIBELLE_HTML,PLACEHOLDER,LIBELLE_2,LIBELLE_3,ID_LIBELLE,CODE_CLIENT) values ('login.libelle.inscription.titre','fr_CA','LOGIN','Inscription à l''infratructure SOFI (Étape 1 de 2)',null,null,null,'system',null,null,null,null,'1',null,null,null,null,'37914',null);
Insert into LIBELLE_JAVA (CLE_LIBELLE,CODE_LOCALE,CODE_APPLICATION,LIBELLE,AIDE_CONTEXTUELLE,AIDE_CONTEXTUELLE_HTML,AIDE_CONTEXTUELLE_EXTERNE,CREE_PAR,DATE_CREATION,MODIFIE_PAR,DATE_MODIFICATION,REFERENCE,VERSION,LIBELLE_HTML,PLACEHOLDER,LIBELLE_2,LIBELLE_3,ID_LIBELLE,CODE_CLIENT) values ('login.libelle.inscription.titre.selection_client','en_US','LOGIN','Specify your organization',null,null,null,'system',null,null,null,null,'1',null,null,null,null,'37915',null);
Insert into LIBELLE_JAVA (CLE_LIBELLE,CODE_LOCALE,CODE_APPLICATION,LIBELLE,AIDE_CONTEXTUELLE,AIDE_CONTEXTUELLE_HTML,AIDE_CONTEXTUELLE_EXTERNE,CREE_PAR,DATE_CREATION,MODIFIE_PAR,DATE_MODIFICATION,REFERENCE,VERSION,LIBELLE_HTML,PLACEHOLDER,LIBELLE_2,LIBELLE_3,ID_LIBELLE,CODE_CLIENT) values ('login.libelle.inscription.titre.selection_client','fr_CA','LOGIN','Spécifier votre organisation',null,null,null,'system',null,null,null,null,'1',null,null,null,null,'37916',null);
Insert into LIBELLE_JAVA (CLE_LIBELLE,CODE_LOCALE,CODE_APPLICATION,LIBELLE,AIDE_CONTEXTUELLE,AIDE_CONTEXTUELLE_HTML,AIDE_CONTEXTUELLE_EXTERNE,CREE_PAR,DATE_CREATION,MODIFIE_PAR,DATE_MODIFICATION,REFERENCE,VERSION,LIBELLE_HTML,PLACEHOLDER,LIBELLE_2,LIBELLE_3,ID_LIBELLE,CODE_CLIENT) values ('login.libelle.inscription.titre.selection_compte','en_US','LOGIN','Select an account and password',null,null,null,'system',null,null,null,null,'1',null,null,null,null,'37917',null);
Insert into LIBELLE_JAVA (CLE_LIBELLE,CODE_LOCALE,CODE_APPLICATION,LIBELLE,AIDE_CONTEXTUELLE,AIDE_CONTEXTUELLE_HTML,AIDE_CONTEXTUELLE_EXTERNE,CREE_PAR,DATE_CREATION,MODIFIE_PAR,DATE_MODIFICATION,REFERENCE,VERSION,LIBELLE_HTML,PLACEHOLDER,LIBELLE_2,LIBELLE_3,ID_LIBELLE,CODE_CLIENT) values ('login.libelle.inscription.titre.selection_compte','fr_CA','LOGIN','Sélectionnez un compte et un mot de passe',null,null,null,'system',null,null,null,null,'1',null,null,null,null,'37918',null);
Insert into LIBELLE_JAVA (CLE_LIBELLE,CODE_LOCALE,CODE_APPLICATION,LIBELLE,AIDE_CONTEXTUELLE,AIDE_CONTEXTUELLE_HTML,AIDE_CONTEXTUELLE_EXTERNE,CREE_PAR,DATE_CREATION,MODIFIE_PAR,DATE_MODIFICATION,REFERENCE,VERSION,LIBELLE_HTML,PLACEHOLDER,LIBELLE_2,LIBELLE_3,ID_LIBELLE,CODE_CLIENT) values ('login.libelle.inscription_client.titre','fr_CA','LOGIN','Inscription à l''infrastructure SOFI (Étape 2 de 2)',null,null,null,'system',null,null,null,null,'1',null,null,null,null,'37919',null);
Insert into LIBELLE_JAVA (CLE_LIBELLE,CODE_LOCALE,CODE_APPLICATION,LIBELLE,AIDE_CONTEXTUELLE,AIDE_CONTEXTUELLE_HTML,AIDE_CONTEXTUELLE_EXTERNE,CREE_PAR,DATE_CREATION,MODIFIE_PAR,DATE_MODIFICATION,REFERENCE,VERSION,LIBELLE_HTML,PLACEHOLDER,LIBELLE_2,LIBELLE_3,ID_LIBELLE,CODE_CLIENT) values ('login.libelle.inscription_confirmation.titre','en_US','LOGIN','Confirmation of registration to SOFI Infrastructure',null,null,null,'system',null,null,null,null,'1',null,null,null,null,'37920',null);
Insert into LIBELLE_JAVA (CLE_LIBELLE,CODE_LOCALE,CODE_APPLICATION,LIBELLE,AIDE_CONTEXTUELLE,AIDE_CONTEXTUELLE_HTML,AIDE_CONTEXTUELLE_EXTERNE,CREE_PAR,DATE_CREATION,MODIFIE_PAR,DATE_MODIFICATION,REFERENCE,VERSION,LIBELLE_HTML,PLACEHOLDER,LIBELLE_2,LIBELLE_3,ID_LIBELLE,CODE_CLIENT) values ('login.libelle.inscription_confirmation.titre','fr_CA','LOGIN','Confirmation de l''inscription à l''infrastructure SOFI',null,null,null,'system',null,null,null,null,'1',null,null,null,null,'37921',null);
Insert into LIBELLE_JAVA (CLE_LIBELLE,CODE_LOCALE,CODE_APPLICATION,LIBELLE,AIDE_CONTEXTUELLE,AIDE_CONTEXTUELLE_HTML,AIDE_CONTEXTUELLE_EXTERNE,CREE_PAR,DATE_CREATION,MODIFIE_PAR,DATE_MODIFICATION,REFERENCE,VERSION,LIBELLE_HTML,PLACEHOLDER,LIBELLE_2,LIBELLE_3,ID_LIBELLE,CODE_CLIENT) values ('login.libelle.login.bouton.initialiser','en_US','LOGIN','Initialize',null,null,null,'system',null,null,null,null,'1',null,null,null,null,'37922',null);
Insert into LIBELLE_JAVA (CLE_LIBELLE,CODE_LOCALE,CODE_APPLICATION,LIBELLE,AIDE_CONTEXTUELLE,AIDE_CONTEXTUELLE_HTML,AIDE_CONTEXTUELLE_EXTERNE,CREE_PAR,DATE_CREATION,MODIFIE_PAR,DATE_MODIFICATION,REFERENCE,VERSION,LIBELLE_HTML,PLACEHOLDER,LIBELLE_2,LIBELLE_3,ID_LIBELLE,CODE_CLIENT) values ('login.libelle.login.bouton.initialiser','fr_CA','LOGIN','Initialiser',null,null,null,null,null,null,null,null,'1',null,null,null,null,'37923',null);
Insert into LIBELLE_JAVA (CLE_LIBELLE,CODE_LOCALE,CODE_APPLICATION,LIBELLE,AIDE_CONTEXTUELLE,AIDE_CONTEXTUELLE_HTML,AIDE_CONTEXTUELLE_EXTERNE,CREE_PAR,DATE_CREATION,MODIFIE_PAR,DATE_MODIFICATION,REFERENCE,VERSION,LIBELLE_HTML,PLACEHOLDER,LIBELLE_2,LIBELLE_3,ID_LIBELLE,CODE_CLIENT) values ('login.libelle.login.champ.code_utilisateur','en_US','LOGIN','SOFI account',null,null,null,null,null,'system',null,null,'1',null,null,null,null,'37924',null);
Insert into LIBELLE_JAVA (CLE_LIBELLE,CODE_LOCALE,CODE_APPLICATION,LIBELLE,AIDE_CONTEXTUELLE,AIDE_CONTEXTUELLE_HTML,AIDE_CONTEXTUELLE_EXTERNE,CREE_PAR,DATE_CREATION,MODIFIE_PAR,DATE_MODIFICATION,REFERENCE,VERSION,LIBELLE_HTML,PLACEHOLDER,LIBELLE_2,LIBELLE_3,ID_LIBELLE,CODE_CLIENT) values ('login.libelle.login.champ.code_utilisateur','fr_CA','LOGIN','Compte SOFI',null,null,null,null,null,'system',null,null,'1',null,null,null,null,'37925',null);
Insert into LIBELLE_JAVA (CLE_LIBELLE,CODE_LOCALE,CODE_APPLICATION,LIBELLE,AIDE_CONTEXTUELLE,AIDE_CONTEXTUELLE_HTML,AIDE_CONTEXTUELLE_EXTERNE,CREE_PAR,DATE_CREATION,MODIFIE_PAR,DATE_MODIFICATION,REFERENCE,VERSION,LIBELLE_HTML,PLACEHOLDER,LIBELLE_2,LIBELLE_3,ID_LIBELLE,CODE_CLIENT) values ('login.libelle.login.champ.confirmation_mot_passe','en_US','LOGIN','Confirmer mot de passe',null,null,null,null,null,null,null,null,'1',null,null,null,null,'37926',null);
Insert into LIBELLE_JAVA (CLE_LIBELLE,CODE_LOCALE,CODE_APPLICATION,LIBELLE,AIDE_CONTEXTUELLE,AIDE_CONTEXTUELLE_HTML,AIDE_CONTEXTUELLE_EXTERNE,CREE_PAR,DATE_CREATION,MODIFIE_PAR,DATE_MODIFICATION,REFERENCE,VERSION,LIBELLE_HTML,PLACEHOLDER,LIBELLE_2,LIBELLE_3,ID_LIBELLE,CODE_CLIENT) values ('login.libelle.login.champ.confirmation_mot_passe','fr_CA','LOGIN','Confirmer mot de passe',null,null,null,null,null,'system',null,null,'1',null,null,null,null,'37927',null);
Insert into LIBELLE_JAVA (CLE_LIBELLE,CODE_LOCALE,CODE_APPLICATION,LIBELLE,AIDE_CONTEXTUELLE,AIDE_CONTEXTUELLE_HTML,AIDE_CONTEXTUELLE_EXTERNE,CREE_PAR,DATE_CREATION,MODIFIE_PAR,DATE_MODIFICATION,REFERENCE,VERSION,LIBELLE_HTML,PLACEHOLDER,LIBELLE_2,LIBELLE_3,ID_LIBELLE,CODE_CLIENT) values ('login.libelle.login.champ.mode_passe','en_US','LOGIN','Password',null,null,null,'system',null,null,null,null,'1',null,null,null,null,'37928',null);
Insert into LIBELLE_JAVA (CLE_LIBELLE,CODE_LOCALE,CODE_APPLICATION,LIBELLE,AIDE_CONTEXTUELLE,AIDE_CONTEXTUELLE_HTML,AIDE_CONTEXTUELLE_EXTERNE,CREE_PAR,DATE_CREATION,MODIFIE_PAR,DATE_MODIFICATION,REFERENCE,VERSION,LIBELLE_HTML,PLACEHOLDER,LIBELLE_2,LIBELLE_3,ID_LIBELLE,CODE_CLIENT) values ('login.libelle.login.champ.mode_passe','fr_CA','LOGIN','Mode de passe',null,null,null,null,null,null,null,null,'1',null,null,null,null,'37929',null);
Insert into LIBELLE_JAVA (CLE_LIBELLE,CODE_LOCALE,CODE_APPLICATION,LIBELLE,AIDE_CONTEXTUELLE,AIDE_CONTEXTUELLE_HTML,AIDE_CONTEXTUELLE_EXTERNE,CREE_PAR,DATE_CREATION,MODIFIE_PAR,DATE_MODIFICATION,REFERENCE,VERSION,LIBELLE_HTML,PLACEHOLDER,LIBELLE_2,LIBELLE_3,ID_LIBELLE,CODE_CLIENT) values ('login.libelle.login.champ.nouveau_mot_passe','en_US','LOGIN','New password',null,null,null,null,null,'system',null,null,'1',null,null,null,null,'37930',null);
Insert into LIBELLE_JAVA (CLE_LIBELLE,CODE_LOCALE,CODE_APPLICATION,LIBELLE,AIDE_CONTEXTUELLE,AIDE_CONTEXTUELLE_HTML,AIDE_CONTEXTUELLE_EXTERNE,CREE_PAR,DATE_CREATION,MODIFIE_PAR,DATE_MODIFICATION,REFERENCE,VERSION,LIBELLE_HTML,PLACEHOLDER,LIBELLE_2,LIBELLE_3,ID_LIBELLE,CODE_CLIENT) values ('login.libelle.login.champ.nouveau_mot_passe','fr_CA','LOGIN','Nouveau mot de passe',null,null,null,null,null,'system',null,null,'1',null,null,null,null,'37931',null);
Insert into LIBELLE_JAVA (CLE_LIBELLE,CODE_LOCALE,CODE_APPLICATION,LIBELLE,AIDE_CONTEXTUELLE,AIDE_CONTEXTUELLE_HTML,AIDE_CONTEXTUELLE_EXTERNE,CREE_PAR,DATE_CREATION,MODIFIE_PAR,DATE_MODIFICATION,REFERENCE,VERSION,LIBELLE_HTML,PLACEHOLDER,LIBELLE_2,LIBELLE_3,ID_LIBELLE,CODE_CLIENT) values ('login.libelle.login.mot_passe.expire','en_US','LOGIN','Your password has expired, please set a new one.',null,null,null,'system',null,null,null,null,'1',null,null,null,null,'37932',null);
Insert into LIBELLE_JAVA (CLE_LIBELLE,CODE_LOCALE,CODE_APPLICATION,LIBELLE,AIDE_CONTEXTUELLE,AIDE_CONTEXTUELLE_HTML,AIDE_CONTEXTUELLE_EXTERNE,CREE_PAR,DATE_CREATION,MODIFIE_PAR,DATE_MODIFICATION,REFERENCE,VERSION,LIBELLE_HTML,PLACEHOLDER,LIBELLE_2,LIBELLE_3,ID_LIBELLE,CODE_CLIENT) values ('login.libelle.login.mot_passe.expire','fr_CA','LOGIN','Votre mot de passe est expiré, veuillez en définir un nouveau s.v.p.',null,null,null,null,null,'system',null,null,'1',null,null,null,null,'37933',null);
Insert into LIBELLE_JAVA (CLE_LIBELLE,CODE_LOCALE,CODE_APPLICATION,LIBELLE,AIDE_CONTEXTUELLE,AIDE_CONTEXTUELLE_HTML,AIDE_CONTEXTUELLE_EXTERNE,CREE_PAR,DATE_CREATION,MODIFIE_PAR,DATE_MODIFICATION,REFERENCE,VERSION,LIBELLE_HTML,PLACEHOLDER,LIBELLE_2,LIBELLE_3,ID_LIBELLE,CODE_CLIENT) values ('login.libelle.logout.ici','en_US','LOGIN','here',null,null,null,'system',null,null,null,null,'1',null,null,null,null,'37934',null);
Insert into LIBELLE_JAVA (CLE_LIBELLE,CODE_LOCALE,CODE_APPLICATION,LIBELLE,AIDE_CONTEXTUELLE,AIDE_CONTEXTUELLE_HTML,AIDE_CONTEXTUELLE_EXTERNE,CREE_PAR,DATE_CREATION,MODIFIE_PAR,DATE_MODIFICATION,REFERENCE,VERSION,LIBELLE_HTML,PLACEHOLDER,LIBELLE_2,LIBELLE_3,ID_LIBELLE,CODE_CLIENT) values ('login.libelle.logout.ici','fr_CA','LOGIN','içi',null,null,null,'system',null,null,null,null,'1',null,null,null,null,'37935',null);
Insert into LIBELLE_JAVA (CLE_LIBELLE,CODE_LOCALE,CODE_APPLICATION,LIBELLE,AIDE_CONTEXTUELLE,AIDE_CONTEXTUELLE_HTML,AIDE_CONTEXTUELLE_EXTERNE,CREE_PAR,DATE_CREATION,MODIFIE_PAR,DATE_MODIFICATION,REFERENCE,VERSION,LIBELLE_HTML,PLACEHOLDER,LIBELLE_2,LIBELLE_3,ID_LIBELLE,CODE_CLIENT) values ('login.libelle.logout.lien_login','en_US','LOGIN','To login please click',null,null,null,null,null,null,null,null,'1',null,null,null,null,'37936',null);
Insert into LIBELLE_JAVA (CLE_LIBELLE,CODE_LOCALE,CODE_APPLICATION,LIBELLE,AIDE_CONTEXTUELLE,AIDE_CONTEXTUELLE_HTML,AIDE_CONTEXTUELLE_EXTERNE,CREE_PAR,DATE_CREATION,MODIFIE_PAR,DATE_MODIFICATION,REFERENCE,VERSION,LIBELLE_HTML,PLACEHOLDER,LIBELLE_2,LIBELLE_3,ID_LIBELLE,CODE_CLIENT) values ('login.libelle.logout.lien_login','fr_CA','LOGIN','Pour vous authentifier à nouveau appuyer sur le',null,null,null,null,null,null,null,null,'1',null,null,null,null,'37937',null);
Insert into LIBELLE_JAVA (CLE_LIBELLE,CODE_LOCALE,CODE_APPLICATION,LIBELLE,AIDE_CONTEXTUELLE,AIDE_CONTEXTUELLE_HTML,AIDE_CONTEXTUELLE_EXTERNE,CREE_PAR,DATE_CREATION,MODIFIE_PAR,DATE_MODIFICATION,REFERENCE,VERSION,LIBELLE_HTML,PLACEHOLDER,LIBELLE_2,LIBELLE_3,ID_LIBELLE,CODE_CLIENT) values ('login.libelle.modification_mot_passe.titre','en_US','LOGIN','I want modify my password',null,null,null,'system',null,null,null,null,'1',null,null,null,null,'37938',null);
Insert into LIBELLE_JAVA (CLE_LIBELLE,CODE_LOCALE,CODE_APPLICATION,LIBELLE,AIDE_CONTEXTUELLE,AIDE_CONTEXTUELLE_HTML,AIDE_CONTEXTUELLE_EXTERNE,CREE_PAR,DATE_CREATION,MODIFIE_PAR,DATE_MODIFICATION,REFERENCE,VERSION,LIBELLE_HTML,PLACEHOLDER,LIBELLE_2,LIBELLE_3,ID_LIBELLE,CODE_CLIENT) values ('login.libelle.modification_mot_passe.titre','fr_CA','LOGIN','Je désire modifier mon mot de passe',null,null,null,'system',null,null,null,null,'1',null,null,null,null,'37939',null);
Insert into LIBELLE_JAVA (CLE_LIBELLE,CODE_LOCALE,CODE_APPLICATION,LIBELLE,AIDE_CONTEXTUELLE,AIDE_CONTEXTUELLE_HTML,AIDE_CONTEXTUELLE_EXTERNE,CREE_PAR,DATE_CREATION,MODIFIE_PAR,DATE_MODIFICATION,REFERENCE,VERSION,LIBELLE_HTML,PLACEHOLDER,LIBELLE_2,LIBELLE_3,ID_LIBELLE,CODE_CLIENT) values ('login.libelle.onglet.changer_mot_passe','fr_CA','LOGIN','Changement de mot de passe',null,null,null,null,null,null,null,null,'1',null,null,null,null,'37940',null);
Insert into LIBELLE_JAVA (CLE_LIBELLE,CODE_LOCALE,CODE_APPLICATION,LIBELLE,AIDE_CONTEXTUELLE,AIDE_CONTEXTUELLE_HTML,AIDE_CONTEXTUELLE_EXTERNE,CREE_PAR,DATE_CREATION,MODIFIE_PAR,DATE_MODIFICATION,REFERENCE,VERSION,LIBELLE_HTML,PLACEHOLDER,LIBELLE_2,LIBELLE_3,ID_LIBELLE,CODE_CLIENT) values ('login.libelle.oublier_mot_passe.action.annuler','en_US','LOGIN','Cancel',null,null,null,'system',null,null,null,null,'1',null,null,null,null,'37941',null);
Insert into LIBELLE_JAVA (CLE_LIBELLE,CODE_LOCALE,CODE_APPLICATION,LIBELLE,AIDE_CONTEXTUELLE,AIDE_CONTEXTUELLE_HTML,AIDE_CONTEXTUELLE_EXTERNE,CREE_PAR,DATE_CREATION,MODIFIE_PAR,DATE_MODIFICATION,REFERENCE,VERSION,LIBELLE_HTML,PLACEHOLDER,LIBELLE_2,LIBELLE_3,ID_LIBELLE,CODE_CLIENT) values ('login.libelle.oublier_mot_passe.action.annuler','fr_CA','LOGIN','Annuler',null,null,null,'system',null,null,null,null,'1',null,null,null,null,'37942',null);
Insert into LIBELLE_JAVA (CLE_LIBELLE,CODE_LOCALE,CODE_APPLICATION,LIBELLE,AIDE_CONTEXTUELLE,AIDE_CONTEXTUELLE_HTML,AIDE_CONTEXTUELLE_EXTERNE,CREE_PAR,DATE_CREATION,MODIFIE_PAR,DATE_MODIFICATION,REFERENCE,VERSION,LIBELLE_HTML,PLACEHOLDER,LIBELLE_2,LIBELLE_3,ID_LIBELLE,CODE_CLIENT) values ('login.libelle.oublier_mot_passe.action.envoye','en_US','LOGIN','Send request',null,null,null,'system',null,null,null,null,'1',null,null,null,null,'37943',null);
Insert into LIBELLE_JAVA (CLE_LIBELLE,CODE_LOCALE,CODE_APPLICATION,LIBELLE,AIDE_CONTEXTUELLE,AIDE_CONTEXTUELLE_HTML,AIDE_CONTEXTUELLE_EXTERNE,CREE_PAR,DATE_CREATION,MODIFIE_PAR,DATE_MODIFICATION,REFERENCE,VERSION,LIBELLE_HTML,PLACEHOLDER,LIBELLE_2,LIBELLE_3,ID_LIBELLE,CODE_CLIENT) values ('login.libelle.oublier_mot_passe.action.envoye','fr_CA','LOGIN','Envoyer la demande',null,null,null,'system',null,null,null,null,'1',null,null,null,null,'37944',null);
Insert into LIBELLE_JAVA (CLE_LIBELLE,CODE_LOCALE,CODE_APPLICATION,LIBELLE,AIDE_CONTEXTUELLE,AIDE_CONTEXTUELLE_HTML,AIDE_CONTEXTUELLE_EXTERNE,CREE_PAR,DATE_CREATION,MODIFIE_PAR,DATE_MODIFICATION,REFERENCE,VERSION,LIBELLE_HTML,PLACEHOLDER,LIBELLE_2,LIBELLE_3,ID_LIBELLE,CODE_CLIENT) values ('login.libelle.oublier_mot_passe.action.soumettre','en_US','LOGIN','Submit',null,null,null,'system',null,null,null,null,'1',null,null,null,null,'37945',null);
Insert into LIBELLE_JAVA (CLE_LIBELLE,CODE_LOCALE,CODE_APPLICATION,LIBELLE,AIDE_CONTEXTUELLE,AIDE_CONTEXTUELLE_HTML,AIDE_CONTEXTUELLE_EXTERNE,CREE_PAR,DATE_CREATION,MODIFIE_PAR,DATE_MODIFICATION,REFERENCE,VERSION,LIBELLE_HTML,PLACEHOLDER,LIBELLE_2,LIBELLE_3,ID_LIBELLE,CODE_CLIENT) values ('login.libelle.oublier_mot_passe.action.soumettre','fr_CA','LOGIN','Soumettre',null,null,null,'system',null,null,null,null,'1',null,null,null,null,'37946',null);
Insert into LIBELLE_JAVA (CLE_LIBELLE,CODE_LOCALE,CODE_APPLICATION,LIBELLE,AIDE_CONTEXTUELLE,AIDE_CONTEXTUELLE_HTML,AIDE_CONTEXTUELLE_EXTERNE,CREE_PAR,DATE_CREATION,MODIFIE_PAR,DATE_MODIFICATION,REFERENCE,VERSION,LIBELLE_HTML,PLACEHOLDER,LIBELLE_2,LIBELLE_3,ID_LIBELLE,CODE_CLIENT) values ('login.label.forgetPassword.action.send','fr_CA','LOGIN','Envoyer la demande',null,null,null,'sofi',to_date('12-08-07','RR-MM-DD'),null,null,null,'1',null,null,null,null,'37947',null);
Insert into LIBELLE_JAVA (CLE_LIBELLE,CODE_LOCALE,CODE_APPLICATION,LIBELLE,AIDE_CONTEXTUELLE,AIDE_CONTEXTUELLE_HTML,AIDE_CONTEXTUELLE_EXTERNE,CREE_PAR,DATE_CREATION,MODIFIE_PAR,DATE_MODIFICATION,REFERENCE,VERSION,LIBELLE_HTML,PLACEHOLDER,LIBELLE_2,LIBELLE_3,ID_LIBELLE,CODE_CLIENT) values ('login.label.forgetPassword.action.send','en_US','LOGIN','Send request',null,null,null,'sofi',to_date('12-08-07','RR-MM-DD'),null,null,null,'1',null,null,null,null,'37948',null);
Insert into LIBELLE_JAVA (CLE_LIBELLE,CODE_LOCALE,CODE_APPLICATION,LIBELLE,AIDE_CONTEXTUELLE,AIDE_CONTEXTUELLE_HTML,AIDE_CONTEXTUELLE_EXTERNE,CREE_PAR,DATE_CREATION,MODIFIE_PAR,DATE_MODIFICATION,REFERENCE,VERSION,LIBELLE_HTML,PLACEHOLDER,LIBELLE_2,LIBELLE_3,ID_LIBELLE,CODE_CLIENT) values ('login.label.updatePassword.description','fr_CA','LOGIN','Votre mot de passe a été réinitialisé, veuillez en définir un nouveau.',null,null,null,'sofi',to_date('12-08-07','RR-MM-DD'),null,null,null,'1',null,null,null,null,'37949',null);
Insert into LIBELLE_JAVA (CLE_LIBELLE,CODE_LOCALE,CODE_APPLICATION,LIBELLE,AIDE_CONTEXTUELLE,AIDE_CONTEXTUELLE_HTML,AIDE_CONTEXTUELLE_EXTERNE,CREE_PAR,DATE_CREATION,MODIFIE_PAR,DATE_MODIFICATION,REFERENCE,VERSION,LIBELLE_HTML,PLACEHOLDER,LIBELLE_2,LIBELLE_3,ID_LIBELLE,CODE_CLIENT) values ('login.label.updatePassword.description','en_US','LOGIN','Your password has been reset. Please define a new password.',null,null,null,'sofi',to_date('12-08-07','RR-MM-DD'),null,null,null,'1',null,null,null,null,'37950',null);
Insert into LIBELLE_JAVA (CLE_LIBELLE,CODE_LOCALE,CODE_APPLICATION,LIBELLE,AIDE_CONTEXTUELLE,AIDE_CONTEXTUELLE_HTML,AIDE_CONTEXTUELLE_EXTERNE,CREE_PAR,DATE_CREATION,MODIFIE_PAR,DATE_MODIFICATION,REFERENCE,VERSION,LIBELLE_HTML,PLACEHOLDER,LIBELLE_2,LIBELLE_3,ID_LIBELLE,CODE_CLIENT) values ('login.label.updatePassword.action.cancel','fr_CA','LOGIN','Annuler',null,null,null,'sofi',to_date('12-08-07','RR-MM-DD'),null,null,null,'1',null,null,null,null,'37951',null);
Insert into LIBELLE_JAVA (CLE_LIBELLE,CODE_LOCALE,CODE_APPLICATION,LIBELLE,AIDE_CONTEXTUELLE,AIDE_CONTEXTUELLE_HTML,AIDE_CONTEXTUELLE_EXTERNE,CREE_PAR,DATE_CREATION,MODIFIE_PAR,DATE_MODIFICATION,REFERENCE,VERSION,LIBELLE_HTML,PLACEHOLDER,LIBELLE_2,LIBELLE_3,ID_LIBELLE,CODE_CLIENT) values ('login.label.updatePassword.action.cancel','en_US','LOGIN','Cancel',null,null,null,'sofi',to_date('12-08-07','RR-MM-DD'),null,null,null,'1',null,null,null,null,'37952',null);
Insert into LIBELLE_JAVA (CLE_LIBELLE,CODE_LOCALE,CODE_APPLICATION,LIBELLE,AIDE_CONTEXTUELLE,AIDE_CONTEXTUELLE_HTML,AIDE_CONTEXTUELLE_EXTERNE,CREE_PAR,DATE_CREATION,MODIFIE_PAR,DATE_MODIFICATION,REFERENCE,VERSION,LIBELLE_HTML,PLACEHOLDER,LIBELLE_2,LIBELLE_3,ID_LIBELLE,CODE_CLIENT) values ('login.label.login.field.userName','fr_CA','LOGIN','Nom d''utilisateur',null,null,null,'sofi',to_date('12-08-07','RR-MM-DD'),null,null,null,'1',null,null,null,null,'37953',null);
Insert into LIBELLE_JAVA (CLE_LIBELLE,CODE_LOCALE,CODE_APPLICATION,LIBELLE,AIDE_CONTEXTUELLE,AIDE_CONTEXTUELLE_HTML,AIDE_CONTEXTUELLE_EXTERNE,CREE_PAR,DATE_CREATION,MODIFIE_PAR,DATE_MODIFICATION,REFERENCE,VERSION,LIBELLE_HTML,PLACEHOLDER,LIBELLE_2,LIBELLE_3,ID_LIBELLE,CODE_CLIENT) values ('login.label.login.field.userName','en_US','LOGIN','Username',null,null,null,'sofi',to_date('12-08-07','RR-MM-DD'),null,null,null,'1',null,null,null,null,'37954',null);
Insert into LIBELLE_JAVA (CLE_LIBELLE,CODE_LOCALE,CODE_APPLICATION,LIBELLE,AIDE_CONTEXTUELLE,AIDE_CONTEXTUELLE_HTML,AIDE_CONTEXTUELLE_EXTERNE,CREE_PAR,DATE_CREATION,MODIFIE_PAR,DATE_MODIFICATION,REFERENCE,VERSION,LIBELLE_HTML,PLACEHOLDER,LIBELLE_2,LIBELLE_3,ID_LIBELLE,CODE_CLIENT) values ('login.label.login.field.password','fr_CA','LOGIN','Mot de passe',null,null,null,'sofi',to_date('12-08-07','RR-MM-DD'),null,null,null,'1',null,null,null,null,'37955',null);
Insert into LIBELLE_JAVA (CLE_LIBELLE,CODE_LOCALE,CODE_APPLICATION,LIBELLE,AIDE_CONTEXTUELLE,AIDE_CONTEXTUELLE_HTML,AIDE_CONTEXTUELLE_EXTERNE,CREE_PAR,DATE_CREATION,MODIFIE_PAR,DATE_MODIFICATION,REFERENCE,VERSION,LIBELLE_HTML,PLACEHOLDER,LIBELLE_2,LIBELLE_3,ID_LIBELLE,CODE_CLIENT) values ('login.label.login.field.password','en_US','LOGIN','Password',null,null,null,'sofi',to_date('12-08-07','RR-MM-DD'),null,null,null,'1',null,null,null,null,'37956',null);
Insert into LIBELLE_JAVA (CLE_LIBELLE,CODE_LOCALE,CODE_APPLICATION,LIBELLE,AIDE_CONTEXTUELLE,AIDE_CONTEXTUELLE_HTML,AIDE_CONTEXTUELLE_EXTERNE,CREE_PAR,DATE_CREATION,MODIFIE_PAR,DATE_MODIFICATION,REFERENCE,VERSION,LIBELLE_HTML,PLACEHOLDER,LIBELLE_2,LIBELLE_3,ID_LIBELLE,CODE_CLIENT) values ('login.label.login.field.keep_me_signin','fr_CA','LOGIN','Rester connecté',null,null,null,'sofi',to_date('12-08-07','RR-MM-DD'),'sofi',to_timestamp('12-08-22 10:49:19,538000000','RR-MM-DD HH24:MI:SSXFF'),null,'1','N',null,null,null,'37957',null);
Insert into LIBELLE_JAVA (CLE_LIBELLE,CODE_LOCALE,CODE_APPLICATION,LIBELLE,AIDE_CONTEXTUELLE,AIDE_CONTEXTUELLE_HTML,AIDE_CONTEXTUELLE_EXTERNE,CREE_PAR,DATE_CREATION,MODIFIE_PAR,DATE_MODIFICATION,REFERENCE,VERSION,LIBELLE_HTML,PLACEHOLDER,LIBELLE_2,LIBELLE_3,ID_LIBELLE,CODE_CLIENT) values ('login.label.login.field.keep_me_signin','en_US','LOGIN','Keep me signed',null,null,null,'sofi',to_date('12-08-07','RR-MM-DD'),'sofi',to_timestamp('12-08-24 09:59:13,717000000','RR-MM-DD HH24:MI:SSXFF'),null,'1','N',null,null,null,'37958',null);
Insert into LIBELLE_JAVA (CLE_LIBELLE,CODE_LOCALE,CODE_APPLICATION,LIBELLE,AIDE_CONTEXTUELLE,AIDE_CONTEXTUELLE_HTML,AIDE_CONTEXTUELLE_EXTERNE,CREE_PAR,DATE_CREATION,MODIFIE_PAR,DATE_MODIFICATION,REFERENCE,VERSION,LIBELLE_HTML,PLACEHOLDER,LIBELLE_2,LIBELLE_3,ID_LIBELLE,CODE_CLIENT) values ('login.label.login.action.forget_password','fr_CA','LOGIN','J''ai oublié mon mot de passe',null,null,null,'sofi',to_date('12-08-07','RR-MM-DD'),null,null,null,'1',null,null,null,null,'37959',null);
Insert into LIBELLE_JAVA (CLE_LIBELLE,CODE_LOCALE,CODE_APPLICATION,LIBELLE,AIDE_CONTEXTUELLE,AIDE_CONTEXTUELLE_HTML,AIDE_CONTEXTUELLE_EXTERNE,CREE_PAR,DATE_CREATION,MODIFIE_PAR,DATE_MODIFICATION,REFERENCE,VERSION,LIBELLE_HTML,PLACEHOLDER,LIBELLE_2,LIBELLE_3,ID_LIBELLE,CODE_CLIENT) values ('login.label.login.action.forget_password','en_US','LOGIN','Forgot password',null,null,null,'sofi',to_date('12-08-07','RR-MM-DD'),null,null,null,'1',null,null,null,null,'37960',null);
Insert into LIBELLE_JAVA (CLE_LIBELLE,CODE_LOCALE,CODE_APPLICATION,LIBELLE,AIDE_CONTEXTUELLE,AIDE_CONTEXTUELLE_HTML,AIDE_CONTEXTUELLE_EXTERNE,CREE_PAR,DATE_CREATION,MODIFIE_PAR,DATE_MODIFICATION,REFERENCE,VERSION,LIBELLE_HTML,PLACEHOLDER,LIBELLE_2,LIBELLE_3,ID_LIBELLE,CODE_CLIENT) values ('login.label.login.title.signIn','fr_CA','LOGIN','Connexion',null,null,null,'sofi',to_date('12-08-07','RR-MM-DD'),null,null,null,'1',null,null,null,null,'37961',null);
Insert into LIBELLE_JAVA (CLE_LIBELLE,CODE_LOCALE,CODE_APPLICATION,LIBELLE,AIDE_CONTEXTUELLE,AIDE_CONTEXTUELLE_HTML,AIDE_CONTEXTUELLE_EXTERNE,CREE_PAR,DATE_CREATION,MODIFIE_PAR,DATE_MODIFICATION,REFERENCE,VERSION,LIBELLE_HTML,PLACEHOLDER,LIBELLE_2,LIBELLE_3,ID_LIBELLE,CODE_CLIENT) values ('login.label.login.title.signIn','en_US','LOGIN','Sign in',null,null,null,'sofi',to_date('12-08-07','RR-MM-DD'),null,null,null,'1',null,null,null,null,'37962',null);
Insert into LIBELLE_JAVA (CLE_LIBELLE,CODE_LOCALE,CODE_APPLICATION,LIBELLE,AIDE_CONTEXTUELLE,AIDE_CONTEXTUELLE_HTML,AIDE_CONTEXTUELLE_EXTERNE,CREE_PAR,DATE_CREATION,MODIFIE_PAR,DATE_MODIFICATION,REFERENCE,VERSION,LIBELLE_HTML,PLACEHOLDER,LIBELLE_2,LIBELLE_3,ID_LIBELLE,CODE_CLIENT) values ('login.label.login.action.signIn','fr_CA','LOGIN','Me connecter',null,null,null,'sofi',to_date('12-08-07','RR-MM-DD'),null,null,null,'1',null,null,null,null,'37963',null);
Insert into LIBELLE_JAVA (CLE_LIBELLE,CODE_LOCALE,CODE_APPLICATION,LIBELLE,AIDE_CONTEXTUELLE,AIDE_CONTEXTUELLE_HTML,AIDE_CONTEXTUELLE_EXTERNE,CREE_PAR,DATE_CREATION,MODIFIE_PAR,DATE_MODIFICATION,REFERENCE,VERSION,LIBELLE_HTML,PLACEHOLDER,LIBELLE_2,LIBELLE_3,ID_LIBELLE,CODE_CLIENT) values ('login.label.updatePassword.title','fr_CA','LOGIN','Réinitialisez votre mot de passe',null,null,null,'sofi',to_date('12-08-07','RR-MM-DD'),'sofi',to_timestamp('12-08-21 14:57:20,726000000','RR-MM-DD HH24:MI:SSXFF'),null,'1','N',null,null,null,'37964',null);
Insert into LIBELLE_JAVA (CLE_LIBELLE,CODE_LOCALE,CODE_APPLICATION,LIBELLE,AIDE_CONTEXTUELLE,AIDE_CONTEXTUELLE_HTML,AIDE_CONTEXTUELLE_EXTERNE,CREE_PAR,DATE_CREATION,MODIFIE_PAR,DATE_MODIFICATION,REFERENCE,VERSION,LIBELLE_HTML,PLACEHOLDER,LIBELLE_2,LIBELLE_3,ID_LIBELLE,CODE_CLIENT) values ('login.label.updatePassword.title','en_US','LOGIN','Reset your password',null,null,null,'sofi',to_date('12-08-07','RR-MM-DD'),null,null,null,'1',null,null,null,null,'37965',null);
Insert into LIBELLE_JAVA (CLE_LIBELLE,CODE_LOCALE,CODE_APPLICATION,LIBELLE,AIDE_CONTEXTUELLE,AIDE_CONTEXTUELLE_HTML,AIDE_CONTEXTUELLE_EXTERNE,CREE_PAR,DATE_CREATION,MODIFIE_PAR,DATE_MODIFICATION,REFERENCE,VERSION,LIBELLE_HTML,PLACEHOLDER,LIBELLE_2,LIBELLE_3,ID_LIBELLE,CODE_CLIENT) values ('login.label.forgetPassword.field.captcha','fr_CA','LOGIN','Tapez le code affiché ci-dessous',null,null,null,'sofi',to_date('12-08-07','RR-MM-DD'),null,null,null,'1',null,null,null,null,'37966',null);
Insert into LIBELLE_JAVA (CLE_LIBELLE,CODE_LOCALE,CODE_APPLICATION,LIBELLE,AIDE_CONTEXTUELLE,AIDE_CONTEXTUELLE_HTML,AIDE_CONTEXTUELLE_EXTERNE,CREE_PAR,DATE_CREATION,MODIFIE_PAR,DATE_MODIFICATION,REFERENCE,VERSION,LIBELLE_HTML,PLACEHOLDER,LIBELLE_2,LIBELLE_3,ID_LIBELLE,CODE_CLIENT) values ('login.label.forgetPassword.field.captcha','en_US','LOGIN','Enter the code shown below',null,null,null,'sofi',to_date('12-08-07','RR-MM-DD'),null,null,null,'1',null,null,null,null,'37967',null);
Insert into LIBELLE_JAVA (CLE_LIBELLE,CODE_LOCALE,CODE_APPLICATION,LIBELLE,AIDE_CONTEXTUELLE,AIDE_CONTEXTUELLE_HTML,AIDE_CONTEXTUELLE_EXTERNE,CREE_PAR,DATE_CREATION,MODIFIE_PAR,DATE_MODIFICATION,REFERENCE,VERSION,LIBELLE_HTML,PLACEHOLDER,LIBELLE_2,LIBELLE_3,ID_LIBELLE,CODE_CLIENT) values ('login.label.common.action.back_login','fr_CA','LOGIN','Retour à la connexion',null,null,null,'sofi',to_date('12-08-07','RR-MM-DD'),'jf.brassard',to_timestamp('16-03-06 14:54:52,190000000','RR-MM-DD HH24:MI:SSXFF'),null,'2','N',null,null,null,'37968',null);
Insert into LIBELLE_JAVA (CLE_LIBELLE,CODE_LOCALE,CODE_APPLICATION,LIBELLE,AIDE_CONTEXTUELLE,AIDE_CONTEXTUELLE_HTML,AIDE_CONTEXTUELLE_EXTERNE,CREE_PAR,DATE_CREATION,MODIFIE_PAR,DATE_MODIFICATION,REFERENCE,VERSION,LIBELLE_HTML,PLACEHOLDER,LIBELLE_2,LIBELLE_3,ID_LIBELLE,CODE_CLIENT) values ('login.label.common.action.back_login','en_US','LOGIN','Back to login',null,null,null,'sofi',to_date('12-08-07','RR-MM-DD'),null,null,null,'1',null,null,null,null,'37969',null);
Insert into LIBELLE_JAVA (CLE_LIBELLE,CODE_LOCALE,CODE_APPLICATION,LIBELLE,AIDE_CONTEXTUELLE,AIDE_CONTEXTUELLE_HTML,AIDE_CONTEXTUELLE_EXTERNE,CREE_PAR,DATE_CREATION,MODIFIE_PAR,DATE_MODIFICATION,REFERENCE,VERSION,LIBELLE_HTML,PLACEHOLDER,LIBELLE_2,LIBELLE_3,ID_LIBELLE,CODE_CLIENT) values ('login.label.login.field.newPassword','fr_CA','LOGIN','Nouveau mot de passe',null,null,null,'sofi',to_date('12-08-07','RR-MM-DD'),null,null,null,'1',null,null,null,null,'37970',null);
Insert into LIBELLE_JAVA (CLE_LIBELLE,CODE_LOCALE,CODE_APPLICATION,LIBELLE,AIDE_CONTEXTUELLE,AIDE_CONTEXTUELLE_HTML,AIDE_CONTEXTUELLE_EXTERNE,CREE_PAR,DATE_CREATION,MODIFIE_PAR,DATE_MODIFICATION,REFERENCE,VERSION,LIBELLE_HTML,PLACEHOLDER,LIBELLE_2,LIBELLE_3,ID_LIBELLE,CODE_CLIENT) values ('login.label.login.field.newPassword','en_US','LOGIN','New password',null,null,null,'sofi',to_date('12-08-07','RR-MM-DD'),null,null,null,'1',null,null,null,null,'37971',null);
Insert into LIBELLE_JAVA (CLE_LIBELLE,CODE_LOCALE,CODE_APPLICATION,LIBELLE,AIDE_CONTEXTUELLE,AIDE_CONTEXTUELLE_HTML,AIDE_CONTEXTUELLE_EXTERNE,CREE_PAR,DATE_CREATION,MODIFIE_PAR,DATE_MODIFICATION,REFERENCE,VERSION,LIBELLE_HTML,PLACEHOLDER,LIBELLE_2,LIBELLE_3,ID_LIBELLE,CODE_CLIENT) values ('login.label.login.field.confirmNewPassword','fr_CA','LOGIN','Confirmez votre mot de passe',null,null,null,'sofi',to_date('12-08-07','RR-MM-DD'),'sofi',to_timestamp('12-08-21 15:00:54,903000000','RR-MM-DD HH24:MI:SSXFF'),null,'1','N',null,null,null,'37972',null);
Insert into LIBELLE_JAVA (CLE_LIBELLE,CODE_LOCALE,CODE_APPLICATION,LIBELLE,AIDE_CONTEXTUELLE,AIDE_CONTEXTUELLE_HTML,AIDE_CONTEXTUELLE_EXTERNE,CREE_PAR,DATE_CREATION,MODIFIE_PAR,DATE_MODIFICATION,REFERENCE,VERSION,LIBELLE_HTML,PLACEHOLDER,LIBELLE_2,LIBELLE_3,ID_LIBELLE,CODE_CLIENT) values ('login.label.login.field.confirmNewPassword','en_US','LOGIN','Confirm new password',null,null,null,'sofi',to_date('12-08-07','RR-MM-DD'),null,null,null,'1',null,null,null,null,'37973',null);
Insert into LIBELLE_JAVA (CLE_LIBELLE,CODE_LOCALE,CODE_APPLICATION,LIBELLE,AIDE_CONTEXTUELLE,AIDE_CONTEXTUELLE_HTML,AIDE_CONTEXTUELLE_EXTERNE,CREE_PAR,DATE_CREATION,MODIFIE_PAR,DATE_MODIFICATION,REFERENCE,VERSION,LIBELLE_HTML,PLACEHOLDER,LIBELLE_2,LIBELLE_3,ID_LIBELLE,CODE_CLIENT) values ('login.label.updatePassword.action.send','fr_CA','LOGIN','Enregistrer',null,null,null,'sofi',to_date('12-08-07','RR-MM-DD'),'sofi',to_timestamp('12-08-15 15:37:26,488000000','RR-MM-DD HH24:MI:SSXFF'),null,'1','N',null,null,null,'37974',null);
Insert into LIBELLE_JAVA (CLE_LIBELLE,CODE_LOCALE,CODE_APPLICATION,LIBELLE,AIDE_CONTEXTUELLE,AIDE_CONTEXTUELLE_HTML,AIDE_CONTEXTUELLE_EXTERNE,CREE_PAR,DATE_CREATION,MODIFIE_PAR,DATE_MODIFICATION,REFERENCE,VERSION,LIBELLE_HTML,PLACEHOLDER,LIBELLE_2,LIBELLE_3,ID_LIBELLE,CODE_CLIENT) values ('login.label.updatePassword.action.send','en_US','LOGIN','Save',null,null,null,'sofi',to_date('12-08-07','RR-MM-DD'),'sofi',to_timestamp('12-08-15 15:37:30,704000000','RR-MM-DD HH24:MI:SSXFF'),null,'1','N',null,null,null,'37975',null);
Insert into LIBELLE_JAVA (CLE_LIBELLE,CODE_LOCALE,CODE_APPLICATION,LIBELLE,AIDE_CONTEXTUELLE,AIDE_CONTEXTUELLE_HTML,AIDE_CONTEXTUELLE_EXTERNE,CREE_PAR,DATE_CREATION,MODIFIE_PAR,DATE_MODIFICATION,REFERENCE,VERSION,LIBELLE_HTML,PLACEHOLDER,LIBELLE_2,LIBELLE_3,ID_LIBELLE,CODE_CLIENT) values ('login.label.updateExpiredPassword.action.send','fr_CA','LOGIN','Enregistrer',null,null,null,'sofi',to_date('12-08-07','RR-MM-DD'),'sofi',to_timestamp('12-08-15 15:58:50,020000000','RR-MM-DD HH24:MI:SSXFF'),null,'1','N',null,null,null,'37976',null);
Insert into LIBELLE_JAVA (CLE_LIBELLE,CODE_LOCALE,CODE_APPLICATION,LIBELLE,AIDE_CONTEXTUELLE,AIDE_CONTEXTUELLE_HTML,AIDE_CONTEXTUELLE_EXTERNE,CREE_PAR,DATE_CREATION,MODIFIE_PAR,DATE_MODIFICATION,REFERENCE,VERSION,LIBELLE_HTML,PLACEHOLDER,LIBELLE_2,LIBELLE_3,ID_LIBELLE,CODE_CLIENT) values ('login.label.updateExpiredPassword.action.send','en_US','LOGIN','Save',null,null,null,'sofi',to_date('12-08-07','RR-MM-DD'),'sofi',to_timestamp('12-08-15 15:58:56,173000000','RR-MM-DD HH24:MI:SSXFF'),null,'1','N',null,null,null,'37977',null);
Insert into LIBELLE_JAVA (CLE_LIBELLE,CODE_LOCALE,CODE_APPLICATION,LIBELLE,AIDE_CONTEXTUELLE,AIDE_CONTEXTUELLE_HTML,AIDE_CONTEXTUELLE_EXTERNE,CREE_PAR,DATE_CREATION,MODIFIE_PAR,DATE_MODIFICATION,REFERENCE,VERSION,LIBELLE_HTML,PLACEHOLDER,LIBELLE_2,LIBELLE_3,ID_LIBELLE,CODE_CLIENT) values ('login.label.forgetPassword.title','fr_CA','LOGIN','Mot de passe oublié ?',null,null,null,'sofi',to_date('12-08-07','RR-MM-DD'),null,null,null,'1',null,null,null,null,'37978',null);
Insert into LIBELLE_JAVA (CLE_LIBELLE,CODE_LOCALE,CODE_APPLICATION,LIBELLE,AIDE_CONTEXTUELLE,AIDE_CONTEXTUELLE_HTML,AIDE_CONTEXTUELLE_EXTERNE,CREE_PAR,DATE_CREATION,MODIFIE_PAR,DATE_MODIFICATION,REFERENCE,VERSION,LIBELLE_HTML,PLACEHOLDER,LIBELLE_2,LIBELLE_3,ID_LIBELLE,CODE_CLIENT) values ('login.label.forgetPassword.title','en_US','LOGIN','Forgot password?',null,null,null,'sofi',to_date('12-08-07','RR-MM-DD'),'sofi',to_timestamp('12-08-21 14:29:29,583000000','RR-MM-DD HH24:MI:SSXFF'),null,'1','N',null,null,null,'37979',null);
Insert into LIBELLE_JAVA (CLE_LIBELLE,CODE_LOCALE,CODE_APPLICATION,LIBELLE,AIDE_CONTEXTUELLE,AIDE_CONTEXTUELLE_HTML,AIDE_CONTEXTUELLE_EXTERNE,CREE_PAR,DATE_CREATION,MODIFIE_PAR,DATE_MODIFICATION,REFERENCE,VERSION,LIBELLE_HTML,PLACEHOLDER,LIBELLE_2,LIBELLE_3,ID_LIBELLE,CODE_CLIENT) values ('login.label.forgetPassword.description','fr_CA','LOGIN','Veuillez saisir votre nom d''utilisateur et un courriel vous sera envoyé avec la procédure à suivre pour récupérer votre mot de passe.',null,null,null,'sofi',to_date('12-08-07','RR-MM-DD'),null,null,null,'1',null,null,null,null,'37980',null);
Insert into LIBELLE_JAVA (CLE_LIBELLE,CODE_LOCALE,CODE_APPLICATION,LIBELLE,AIDE_CONTEXTUELLE,AIDE_CONTEXTUELLE_HTML,AIDE_CONTEXTUELLE_EXTERNE,CREE_PAR,DATE_CREATION,MODIFIE_PAR,DATE_MODIFICATION,REFERENCE,VERSION,LIBELLE_HTML,PLACEHOLDER,LIBELLE_2,LIBELLE_3,ID_LIBELLE,CODE_CLIENT) values ('login.label.forgetPassword.description','en_US','LOGIN','Please enter your user name and an email will be sent with the procedure to recover your password.',null,null,null,'sofi',to_date('12-08-07','RR-MM-DD'),'sofi',to_timestamp('12-08-21 14:30:19,319000000','RR-MM-DD HH24:MI:SSXFF'),null,'1','N',null,null,null,'37981',null);
Insert into LIBELLE_JAVA (CLE_LIBELLE,CODE_LOCALE,CODE_APPLICATION,LIBELLE,AIDE_CONTEXTUELLE,AIDE_CONTEXTUELLE_HTML,AIDE_CONTEXTUELLE_EXTERNE,CREE_PAR,DATE_CREATION,MODIFIE_PAR,DATE_MODIFICATION,REFERENCE,VERSION,LIBELLE_HTML,PLACEHOLDER,LIBELLE_2,LIBELLE_3,ID_LIBELLE,CODE_CLIENT) values ('login.label.signIn.page.title','fr_CA','LOGIN','Connexion',null,null,null,'sofi',to_date('12-08-08','RR-MM-DD'),null,null,null,'1',null,null,null,null,'37982',null);
Insert into LIBELLE_JAVA (CLE_LIBELLE,CODE_LOCALE,CODE_APPLICATION,LIBELLE,AIDE_CONTEXTUELLE,AIDE_CONTEXTUELLE_HTML,AIDE_CONTEXTUELLE_EXTERNE,CREE_PAR,DATE_CREATION,MODIFIE_PAR,DATE_MODIFICATION,REFERENCE,VERSION,LIBELLE_HTML,PLACEHOLDER,LIBELLE_2,LIBELLE_3,ID_LIBELLE,CODE_CLIENT) values ('login.label.signIn.page.title','en_US','LOGIN','Sign in',null,null,null,'sofi',to_date('12-08-08','RR-MM-DD'),null,null,null,'1',null,null,null,null,'37983',null);
Insert into LIBELLE_JAVA (CLE_LIBELLE,CODE_LOCALE,CODE_APPLICATION,LIBELLE,AIDE_CONTEXTUELLE,AIDE_CONTEXTUELLE_HTML,AIDE_CONTEXTUELLE_EXTERNE,CREE_PAR,DATE_CREATION,MODIFIE_PAR,DATE_MODIFICATION,REFERENCE,VERSION,LIBELLE_HTML,PLACEHOLDER,LIBELLE_2,LIBELLE_3,ID_LIBELLE,CODE_CLIENT) values ('login.label.signOut.page.title','fr_CA','LOGIN','Fermeture de session',null,null,null,'sofi',to_date('12-08-08','RR-MM-DD'),null,null,null,'1',null,null,null,null,'37984',null);
Insert into LIBELLE_JAVA (CLE_LIBELLE,CODE_LOCALE,CODE_APPLICATION,LIBELLE,AIDE_CONTEXTUELLE,AIDE_CONTEXTUELLE_HTML,AIDE_CONTEXTUELLE_EXTERNE,CREE_PAR,DATE_CREATION,MODIFIE_PAR,DATE_MODIFICATION,REFERENCE,VERSION,LIBELLE_HTML,PLACEHOLDER,LIBELLE_2,LIBELLE_3,ID_LIBELLE,CODE_CLIENT) values ('login.label.signOut.page.title','en_US','LOGIN','Sign out',null,null,null,'sofi',to_date('12-08-08','RR-MM-DD'),null,null,null,'1',null,null,null,null,'37985',null);
Insert into LIBELLE_JAVA (CLE_LIBELLE,CODE_LOCALE,CODE_APPLICATION,LIBELLE,AIDE_CONTEXTUELLE,AIDE_CONTEXTUELLE_HTML,AIDE_CONTEXTUELLE_EXTERNE,CREE_PAR,DATE_CREATION,MODIFIE_PAR,DATE_MODIFICATION,REFERENCE,VERSION,LIBELLE_HTML,PLACEHOLDER,LIBELLE_2,LIBELLE_3,ID_LIBELLE,CODE_CLIENT) values ('login.label.forgetPassword.page.title','fr_CA','LOGIN','Mot de passe oublié',null,null,null,'sofi',to_date('12-08-08','RR-MM-DD'),null,null,null,'1',null,null,null,null,'37986',null);
Insert into LIBELLE_JAVA (CLE_LIBELLE,CODE_LOCALE,CODE_APPLICATION,LIBELLE,AIDE_CONTEXTUELLE,AIDE_CONTEXTUELLE_HTML,AIDE_CONTEXTUELLE_EXTERNE,CREE_PAR,DATE_CREATION,MODIFIE_PAR,DATE_MODIFICATION,REFERENCE,VERSION,LIBELLE_HTML,PLACEHOLDER,LIBELLE_2,LIBELLE_3,ID_LIBELLE,CODE_CLIENT) values ('login.label.forgetPassword.page.title','en_US','LOGIN','Forget password',null,null,null,'sofi',to_date('12-08-08','RR-MM-DD'),null,null,null,'1',null,null,null,null,'37987',null);
Insert into LIBELLE_JAVA (CLE_LIBELLE,CODE_LOCALE,CODE_APPLICATION,LIBELLE,AIDE_CONTEXTUELLE,AIDE_CONTEXTUELLE_HTML,AIDE_CONTEXTUELLE_EXTERNE,CREE_PAR,DATE_CREATION,MODIFIE_PAR,DATE_MODIFICATION,REFERENCE,VERSION,LIBELLE_HTML,PLACEHOLDER,LIBELLE_2,LIBELLE_3,ID_LIBELLE,CODE_CLIENT) values ('login.label.updatePassword.page.title','fr_CA','LOGIN','Changement du mot de passe',null,null,null,'sofi',to_date('12-08-08','RR-MM-DD'),null,null,null,'1',null,null,null,null,'37988',null);
Insert into LIBELLE_JAVA (CLE_LIBELLE,CODE_LOCALE,CODE_APPLICATION,LIBELLE,AIDE_CONTEXTUELLE,AIDE_CONTEXTUELLE_HTML,AIDE_CONTEXTUELLE_EXTERNE,CREE_PAR,DATE_CREATION,MODIFIE_PAR,DATE_MODIFICATION,REFERENCE,VERSION,LIBELLE_HTML,PLACEHOLDER,LIBELLE_2,LIBELLE_3,ID_LIBELLE,CODE_CLIENT) values ('login.label.updatePassword.page.title','en_US','LOGIN','Update password',null,null,null,'sofi',to_date('12-08-08','RR-MM-DD'),null,null,null,'1',null,null,null,null,'37989',null);
Insert into LIBELLE_JAVA (CLE_LIBELLE,CODE_LOCALE,CODE_APPLICATION,LIBELLE,AIDE_CONTEXTUELLE,AIDE_CONTEXTUELLE_HTML,AIDE_CONTEXTUELLE_EXTERNE,CREE_PAR,DATE_CREATION,MODIFIE_PAR,DATE_MODIFICATION,REFERENCE,VERSION,LIBELLE_HTML,PLACEHOLDER,LIBELLE_2,LIBELLE_3,ID_LIBELLE,CODE_CLIENT) values ('login.label.updateExpiredPassword.page.title','fr_CA','LOGIN','Changement du mot de passe expiré',null,null,null,'sofi',to_date('12-08-08','RR-MM-DD'),null,null,null,'1',null,null,null,null,'37990',null);
Insert into LIBELLE_JAVA (CLE_LIBELLE,CODE_LOCALE,CODE_APPLICATION,LIBELLE,AIDE_CONTEXTUELLE,AIDE_CONTEXTUELLE_HTML,AIDE_CONTEXTUELLE_EXTERNE,CREE_PAR,DATE_CREATION,MODIFIE_PAR,DATE_MODIFICATION,REFERENCE,VERSION,LIBELLE_HTML,PLACEHOLDER,LIBELLE_2,LIBELLE_3,ID_LIBELLE,CODE_CLIENT) values ('login.label.updateExpiredPassword.page.title','en_US','LOGIN','Update expired password',null,null,null,'sofi',to_date('12-08-08','RR-MM-DD'),null,null,null,'1',null,null,null,null,'37991',null);
Insert into LIBELLE_JAVA (CLE_LIBELLE,CODE_LOCALE,CODE_APPLICATION,LIBELLE,AIDE_CONTEXTUELLE,AIDE_CONTEXTUELLE_HTML,AIDE_CONTEXTUELLE_EXTERNE,CREE_PAR,DATE_CREATION,MODIFIE_PAR,DATE_MODIFICATION,REFERENCE,VERSION,LIBELLE_HTML,PLACEHOLDER,LIBELLE_2,LIBELLE_3,ID_LIBELLE,CODE_CLIENT) values ('login.label.home.description','fr_CA','LOGIN','Mes services disponibles',null,null,null,'sofi',to_date('12-08-08','RR-MM-DD'),'jf.brassard',to_timestamp('15-10-26 17:45:56,725000000','RR-MM-DD HH24:MI:SSXFF'),null,'3','N',null,null,null,'37992',null);
Insert into LIBELLE_JAVA (CLE_LIBELLE,CODE_LOCALE,CODE_APPLICATION,LIBELLE,AIDE_CONTEXTUELLE,AIDE_CONTEXTUELLE_HTML,AIDE_CONTEXTUELLE_EXTERNE,CREE_PAR,DATE_CREATION,MODIFIE_PAR,DATE_MODIFICATION,REFERENCE,VERSION,LIBELLE_HTML,PLACEHOLDER,LIBELLE_2,LIBELLE_3,ID_LIBELLE,CODE_CLIENT) values ('login.label.home.description','en_US','LOGIN','My services available',null,null,null,'sofi',to_date('12-08-08','RR-MM-DD'),'jf.brassard',to_timestamp('15-10-26 17:45:51,287000000','RR-MM-DD HH24:MI:SSXFF'),null,'3','N',null,null,null,'37993',null);
Insert into LIBELLE_JAVA (CLE_LIBELLE,CODE_LOCALE,CODE_APPLICATION,LIBELLE,AIDE_CONTEXTUELLE,AIDE_CONTEXTUELLE_HTML,AIDE_CONTEXTUELLE_EXTERNE,CREE_PAR,DATE_CREATION,MODIFIE_PAR,DATE_MODIFICATION,REFERENCE,VERSION,LIBELLE_HTML,PLACEHOLDER,LIBELLE_2,LIBELLE_3,ID_LIBELLE,CODE_CLIENT) values ('login.label.home.action.updatePassword','fr_CA','LOGIN','Changer mon mot de passe',null,null,null,'sofi',to_date('12-08-08','RR-MM-DD'),'jf.brassard',to_timestamp('15-10-26 17:42:10,838000000','RR-MM-DD HH24:MI:SSXFF'),null,'2','N',null,null,null,'37994',null);
Insert into LIBELLE_JAVA (CLE_LIBELLE,CODE_LOCALE,CODE_APPLICATION,LIBELLE,AIDE_CONTEXTUELLE,AIDE_CONTEXTUELLE_HTML,AIDE_CONTEXTUELLE_EXTERNE,CREE_PAR,DATE_CREATION,MODIFIE_PAR,DATE_MODIFICATION,REFERENCE,VERSION,LIBELLE_HTML,PLACEHOLDER,LIBELLE_2,LIBELLE_3,ID_LIBELLE,CODE_CLIENT) values ('login.label.home.action.updatePassword','en_US','LOGIN','Change my password',null,null,null,'sofi',to_date('12-08-08','RR-MM-DD'),'jf.brassard',to_timestamp('15-10-26 17:42:19,822000000','RR-MM-DD HH24:MI:SSXFF'),null,'2','N',null,null,null,'37995',null);
Insert into LIBELLE_JAVA (CLE_LIBELLE,CODE_LOCALE,CODE_APPLICATION,LIBELLE,AIDE_CONTEXTUELLE,AIDE_CONTEXTUELLE_HTML,AIDE_CONTEXTUELLE_EXTERNE,CREE_PAR,DATE_CREATION,MODIFIE_PAR,DATE_MODIFICATION,REFERENCE,VERSION,LIBELLE_HTML,PLACEHOLDER,LIBELLE_2,LIBELLE_3,ID_LIBELLE,CODE_CLIENT) values ('login.label.header.title','fr_CA','LOGIN','QMI',null,null,null,'sofi',to_date('12-08-09','RR-MM-DD'),'sofi',to_timestamp('12-08-09 22:31:37,907000000','RR-MM-DD HH24:MI:SSXFF'),null,'1','N',null,null,null,'37996',null);
Insert into LIBELLE_JAVA (CLE_LIBELLE,CODE_LOCALE,CODE_APPLICATION,LIBELLE,AIDE_CONTEXTUELLE,AIDE_CONTEXTUELLE_HTML,AIDE_CONTEXTUELLE_EXTERNE,CREE_PAR,DATE_CREATION,MODIFIE_PAR,DATE_MODIFICATION,REFERENCE,VERSION,LIBELLE_HTML,PLACEHOLDER,LIBELLE_2,LIBELLE_3,ID_LIBELLE,CODE_CLIENT) values ('login.label.header.title','en_US','LOGIN','QMI',null,null,null,'sofi',to_date('12-08-09','RR-MM-DD'),'sofi',to_timestamp('12-08-09 22:31:43,904000000','RR-MM-DD HH24:MI:SSXFF'),null,'1','N',null,null,null,'37997',null);
Insert into LIBELLE_JAVA (CLE_LIBELLE,CODE_LOCALE,CODE_APPLICATION,LIBELLE,AIDE_CONTEXTUELLE,AIDE_CONTEXTUELLE_HTML,AIDE_CONTEXTUELLE_EXTERNE,CREE_PAR,DATE_CREATION,MODIFIE_PAR,DATE_MODIFICATION,REFERENCE,VERSION,LIBELLE_HTML,PLACEHOLDER,LIBELLE_2,LIBELLE_3,ID_LIBELLE,CODE_CLIENT) values ('login.label.email.template','fr_CA','LOGIN','<meta content="text/html; charset=UTF-8" http-equiv="Content-Type" />
<title></title>
<table cellpadding="0" cellspacing="0" style="background-color:#fff; margin:0; padding-left:15px;padding-top:5px; font-family:arial, serif;" width="100%">
	<tbody>
		<tr>
			<td align="center" style="text-align:left;" valign="top">
				<table border="0" cellpadding="0" cellspacing="0" style="background-color:#ffffff;" width="620">
<!-- Liens d''entete -->					<tbody>
						<tr>
							<td height="120" style="background-color:#fff;" width="620">
								<img alt="" height="120" src="$baseEmailUrl/sunmedia/banner-email.png" style="height:120px; width:620px; display:block;" width="620" /></td>
						</tr>
						<tr>
							<td align="left" style="padding: 8px 0 8px 8px; background-color:#fff;">
								<p style="font-family:Arial,sans-serif; font-size:16px; font-weight:bold; color:#00000 ;margin:0; padding:0;text-transform:none;">
									$subject</p>
							</td>
						</tr>
						<tr>
							<td style="padding:20px; border:1px solid #ddd; font-size:13px;">
								<p style="margin-top:0px">
									<span style="font-size:12px">Bonjour $prenom $nom,</span></p>
								$body</td>
						</tr>
						<tr>
							<td>
								<br />
								$footer</td>
						</tr>
					</tbody>
				</table>
			</td>
		</tr>
	</tbody>
</table>
<p>
	&nbsp;</p>',null,null,null,'sofi',to_date('12-08-14','RR-MM-DD'),'sofi',to_timestamp('12-08-31 15:06:00,350000000','RR-MM-DD HH24:MI:SSXFF'),null,'1','O',null,null,null,'37998',null);
Insert into LIBELLE_JAVA (CLE_LIBELLE,CODE_LOCALE,CODE_APPLICATION,LIBELLE,AIDE_CONTEXTUELLE,AIDE_CONTEXTUELLE_HTML,AIDE_CONTEXTUELLE_EXTERNE,CREE_PAR,DATE_CREATION,MODIFIE_PAR,DATE_MODIFICATION,REFERENCE,VERSION,LIBELLE_HTML,PLACEHOLDER,LIBELLE_2,LIBELLE_3,ID_LIBELLE,CODE_CLIENT) values ('login.label.email.template','en_US','LOGIN','<!DOCTYPE html PUBLIC "-//W3C//DTD XHTML 1.0 Transitional//EN" "http://www.w3.org/TR/xhtml1/DTD/xhtml1-transitional.dtd">

<html xmlns="http://www.w3.org/1999/xhtml" lang="fr" xml:lang="fr">
  <head>
    <meta http-equiv="Content-Type" content="text/html; charset=UTF-8" />
    <title>$subject</title>
  </head>
  <body style="background-color:#fff; margin:0; padding:0;">
    <table style="background-color:#fff; margin:0; padding-left:15px;padding-top:5px; font-family:arial, serif;" width="100%" cellspacing="0" cellpadding="0">
       <tr>
          <td align="center" valign="top" style="text-align:left;">
             <table width="620" border="0" cellspacing="0" cellpadding="0" style="background-color:#ffffff;">

                <!-- Liens d''entete -->

                <tr>
                   <td height="130" width="620" style="background-color:#fff;"><img style="height:130px; width:620px; display:block;" width="620" height="130" src="$baseEmailUrl/sunmedia/banner-email.png" alt="" /></td>
                </tr>
                <tr>
                 <td align="left" style="padding: 8px 0 8px 8px; background-color:#fff;">
                   <p style="font-family:Arial,sans-serif; font-size:16px; font-weight:bold; color:#000;margin:0; padding:0;text-transform:none;">$subject</p>
                 </td>
                </tr>
                <tr>
                 <td style="padding:20px; border:1px solid #ddd; font-size:13px;">
                    <p style="margin-top:0px"><span style="font-size:12px">Welcome $prenom $nom,</span></p>
                    $body 
                  </td>
                </tr>
                <tr>
                  <td>
                    <br />
                     $footer
                  </td>
                </tr>
             </table>
          </td>
       </tr>
    </table>
  </body>
</html>',null,null,null,'sofi',to_date('12-08-14','RR-MM-DD'),'sofi',to_timestamp('12-08-31 14:51:33,235000000','RR-MM-DD HH24:MI:SSXFF'),null,'1','N',null,null,null,'37999',null);
Insert into LIBELLE_JAVA (CLE_LIBELLE,CODE_LOCALE,CODE_APPLICATION,LIBELLE,AIDE_CONTEXTUELLE,AIDE_CONTEXTUELLE_HTML,AIDE_CONTEXTUELLE_EXTERNE,CREE_PAR,DATE_CREATION,MODIFIE_PAR,DATE_MODIFICATION,REFERENCE,VERSION,LIBELLE_HTML,PLACEHOLDER,LIBELLE_2,LIBELLE_3,ID_LIBELLE,CODE_CLIENT) values ('login.email.subject.forgetPassword','fr_CA','LOGIN','Réinitialisation de votre mot de passe',null,null,null,'sofi',to_date('12-08-14','RR-MM-DD'),'sofi',to_timestamp('12-08-21 14:52:43,886000000','RR-MM-DD HH24:MI:SSXFF'),null,'1','N',null,null,null,'38000',null);
Insert into LIBELLE_JAVA (CLE_LIBELLE,CODE_LOCALE,CODE_APPLICATION,LIBELLE,AIDE_CONTEXTUELLE,AIDE_CONTEXTUELLE_HTML,AIDE_CONTEXTUELLE_EXTERNE,CREE_PAR,DATE_CREATION,MODIFIE_PAR,DATE_MODIFICATION,REFERENCE,VERSION,LIBELLE_HTML,PLACEHOLDER,LIBELLE_2,LIBELLE_3,ID_LIBELLE,CODE_CLIENT) values ('login.email.forgetPassword.subject','en_US','LOGIN','Reset your password',null,null,null,'sofi',to_date('12-08-14','RR-MM-DD'),'sofi',to_timestamp('12-08-21 14:52:34,253000000','RR-MM-DD HH24:MI:SSXFF'),null,'1','N',null,null,null,'38001',null);
Insert into LIBELLE_JAVA (CLE_LIBELLE,CODE_LOCALE,CODE_APPLICATION,LIBELLE,AIDE_CONTEXTUELLE,AIDE_CONTEXTUELLE_HTML,AIDE_CONTEXTUELLE_EXTERNE,CREE_PAR,DATE_CREATION,MODIFIE_PAR,DATE_MODIFICATION,REFERENCE,VERSION,LIBELLE_HTML,PLACEHOLDER,LIBELLE_2,LIBELLE_3,ID_LIBELLE,CODE_CLIENT) values ('login.email.forgetPassword.subject','fr_CA','LOGIN','Réinitialisation de votre mot de passe',null,null,null,'sofi',to_date('12-08-14','RR-MM-DD'),'sofi',to_timestamp('12-08-21 14:52:29,536000000','RR-MM-DD HH24:MI:SSXFF'),null,'1','N',null,null,null,'38002',null);
Insert into LIBELLE_JAVA (CLE_LIBELLE,CODE_LOCALE,CODE_APPLICATION,LIBELLE,AIDE_CONTEXTUELLE,AIDE_CONTEXTUELLE_HTML,AIDE_CONTEXTUELLE_EXTERNE,CREE_PAR,DATE_CREATION,MODIFIE_PAR,DATE_MODIFICATION,REFERENCE,VERSION,LIBELLE_HTML,PLACEHOLDER,LIBELLE_2,LIBELLE_3,ID_LIBELLE,CODE_CLIENT) values ('login.email.forgetPassword.body','fr_CA','LOGIN','<p>
	Vous avez oubli&eacute; votre mot de passe ?<br />
	R&eacute;initialisez votre mot de passe en cliquant sur ce lien : <a href="{0}">Changer mon mot de passe</a>.<br />
	Ensuite, le lien vous redirigera sur une page pour changer votre mot de passe.</p>
<p>
	L&#39;&eacute;quipe de M&eacute;diaQMI</p>',null,null,null,'sofi',to_date('12-08-14','RR-MM-DD'),'sofi',to_timestamp('15-04-16 19:38:51,516000000','RR-MM-DD HH24:MI:SSXFF'),null,'3','O',null,null,null,'38003',null);
Insert into LIBELLE_JAVA (CLE_LIBELLE,CODE_LOCALE,CODE_APPLICATION,LIBELLE,AIDE_CONTEXTUELLE,AIDE_CONTEXTUELLE_HTML,AIDE_CONTEXTUELLE_EXTERNE,CREE_PAR,DATE_CREATION,MODIFIE_PAR,DATE_MODIFICATION,REFERENCE,VERSION,LIBELLE_HTML,PLACEHOLDER,LIBELLE_2,LIBELLE_3,ID_LIBELLE,CODE_CLIENT) values ('login.email.forgetPassword.body','en_US','LOGIN','<p>
	Forgot your password?<br />
	Reset your password by clicking on this link: <a href="{0}">Change my password</a>.<br />
	Then, the link will redirect you to a page to change your password.</p>
<p>
	The Sun Media Team</p>',null,null,null,'sofi',to_date('12-08-14','RR-MM-DD'),'sofi',to_timestamp('12-08-31 15:05:01,461000000','RR-MM-DD HH24:MI:SSXFF'),null,'1','O',null,null,null,'38004',null);
Insert into LIBELLE_JAVA (CLE_LIBELLE,CODE_LOCALE,CODE_APPLICATION,LIBELLE,AIDE_CONTEXTUELLE,AIDE_CONTEXTUELLE_HTML,AIDE_CONTEXTUELLE_EXTERNE,CREE_PAR,DATE_CREATION,MODIFIE_PAR,DATE_MODIFICATION,REFERENCE,VERSION,LIBELLE_HTML,PLACEHOLDER,LIBELLE_2,LIBELLE_3,ID_LIBELLE,CODE_CLIENT) values ('login.label.login.action.signIn','en_US','LOGIN','Connect',null,null,null,'sofi',to_date('12-08-07','RR-MM-DD'),'sofi',to_timestamp('15-06-11 17:09:43,198000000','RR-MM-DD HH24:MI:SSXFF'),null,'2','N',null,null,null,'38005',null);
Insert into LIBELLE_JAVA (CLE_LIBELLE,CODE_LOCALE,CODE_APPLICATION,LIBELLE,AIDE_CONTEXTUELLE,AIDE_CONTEXTUELLE_HTML,AIDE_CONTEXTUELLE_EXTERNE,CREE_PAR,DATE_CREATION,MODIFIE_PAR,DATE_MODIFICATION,REFERENCE,VERSION,LIBELLE_HTML,PLACEHOLDER,LIBELLE_2,LIBELLE_3,ID_LIBELLE,CODE_CLIENT) values ('login.email.common.footer','en_US','LOGIN','<p style="font-size: 11px;">
	This email was sent automatically. Please not reply.</p>
<p style="font-size: 11px;">
	Copyright &copy; 2015&nbsp;&nbsp;Quebecor Media inc. All rights reserved.</p>',null,null,null,'sofi',to_date('12-08-14','RR-MM-DD'),'jf.brassard',to_timestamp('16-02-17 15:54:24,443000000','RR-MM-DD HH24:MI:SSXFF'),null,'2','O',null,null,null,'38006',null);
Insert into LIBELLE_JAVA (CLE_LIBELLE,CODE_LOCALE,CODE_APPLICATION,LIBELLE,AIDE_CONTEXTUELLE,AIDE_CONTEXTUELLE_HTML,AIDE_CONTEXTUELLE_EXTERNE,CREE_PAR,DATE_CREATION,MODIFIE_PAR,DATE_MODIFICATION,REFERENCE,VERSION,LIBELLE_HTML,PLACEHOLDER,LIBELLE_2,LIBELLE_3,ID_LIBELLE,CODE_CLIENT) values ('login.email.common.footer','fr_CA','LOGIN','<p style="font-size: 11px;">
	Ce courriel a &eacute;t&eacute; envoy&eacute; automatiquement. Ne r&eacute;pondez pas &agrave; ce courriel.</p>
<p style="font-size: 11px;">
	Copyright &copy; 2015 Qu&eacute;becor M&eacute;dia inc. Tous droits r&eacute;serv&eacute;s</p>',null,null,null,'sofi',to_date('12-08-14','RR-MM-DD'),'jf.brassard',to_timestamp('16-02-17 15:54:08,751000000','RR-MM-DD HH24:MI:SSXFF'),null,'3','O',null,null,null,'38007',null);
Insert into LIBELLE_JAVA (CLE_LIBELLE,CODE_LOCALE,CODE_APPLICATION,LIBELLE,AIDE_CONTEXTUELLE,AIDE_CONTEXTUELLE_HTML,AIDE_CONTEXTUELLE_EXTERNE,CREE_PAR,DATE_CREATION,MODIFIE_PAR,DATE_MODIFICATION,REFERENCE,VERSION,LIBELLE_HTML,PLACEHOLDER,LIBELLE_2,LIBELLE_3,ID_LIBELLE,CODE_CLIENT) values ('login.email.subject.forgetPassword','en_US','LOGIN','Reset your password',null,null,null,'sofi',to_date('12-08-21','RR-MM-DD'),'sofi',to_timestamp('12-08-21 14:52:48,480000000','RR-MM-DD HH24:MI:SSXFF'),null,'1','N',null,null,null,'38008',null);
Insert into LIBELLE_JAVA (CLE_LIBELLE,CODE_LOCALE,CODE_APPLICATION,LIBELLE,AIDE_CONTEXTUELLE,AIDE_CONTEXTUELLE_HTML,AIDE_CONTEXTUELLE_EXTERNE,CREE_PAR,DATE_CREATION,MODIFIE_PAR,DATE_MODIFICATION,REFERENCE,VERSION,LIBELLE_HTML,PLACEHOLDER,LIBELLE_2,LIBELLE_3,ID_LIBELLE,CODE_CLIENT) values ('login.libelle.authentification.champ.rester_connecte','fr_CA','LOGIN','Rester connecté',null,null,null,'system',to_date('12-08-25','RR-MM-DD'),null,null,null,'1',null,null,null,null,'38009',null);
Insert into LIBELLE_JAVA (CLE_LIBELLE,CODE_LOCALE,CODE_APPLICATION,LIBELLE,AIDE_CONTEXTUELLE,AIDE_CONTEXTUELLE_HTML,AIDE_CONTEXTUELLE_EXTERNE,CREE_PAR,DATE_CREATION,MODIFIE_PAR,DATE_MODIFICATION,REFERENCE,VERSION,LIBELLE_HTML,PLACEHOLDER,LIBELLE_2,LIBELLE_3,ID_LIBELLE,CODE_CLIENT) values ('login.libelle.authentification.champ.rester_connecte','en_US','LOGIN','Keep signed in',null,null,null,'system',to_date('12-08-25','RR-MM-DD'),null,null,null,'1',null,null,null,null,'38010',null);
Insert into LIBELLE_JAVA (CLE_LIBELLE,CODE_LOCALE,CODE_APPLICATION,LIBELLE,AIDE_CONTEXTUELLE,AIDE_CONTEXTUELLE_HTML,AIDE_CONTEXTUELLE_EXTERNE,CREE_PAR,DATE_CREATION,MODIFIE_PAR,DATE_MODIFICATION,REFERENCE,VERSION,LIBELLE_HTML,PLACEHOLDER,LIBELLE_2,LIBELLE_3,ID_LIBELLE,CODE_CLIENT) values ('login.libelle.inscription.explication','en_US','LOGIN','With a <b>SOFI account</b>, you can develop an application based on a common infrastructure available free and readily available for you. You can find an application management console to manage the common services such as security, language, message, menu, setting, etc..',null,null,null,'system',null,null,null,null,'1',null,null,null,null,'37440',null);
Insert into LIBELLE_JAVA (CLE_LIBELLE,CODE_LOCALE,CODE_APPLICATION,LIBELLE,AIDE_CONTEXTUELLE,AIDE_CONTEXTUELLE_HTML,AIDE_CONTEXTUELLE_EXTERNE,CREE_PAR,DATE_CREATION,MODIFIE_PAR,DATE_MODIFICATION,REFERENCE,VERSION,LIBELLE_HTML,PLACEHOLDER,LIBELLE_2,LIBELLE_3,ID_LIBELLE,CODE_CLIENT) values ('login.libelle.inscription.explication','fr_CA','LOGIN','Avec un <b>compte SOFI</b>, vous pouvez développer une application basée sur une infrastructure commune offerte gratuitement et rapidement disponible pour vous. Vous aurez accès une application console d''administration afin de gérer les services communs tel que la sécurité, les libellés, les messages, les menus, les paramètres, etc.',null,null,null,'system',null,null,null,null,'1',null,null,null,null,'37441',null);
Insert into LIBELLE_JAVA (CLE_LIBELLE,CODE_LOCALE,CODE_APPLICATION,LIBELLE,AIDE_CONTEXTUELLE,AIDE_CONTEXTUELLE_HTML,AIDE_CONTEXTUELLE_EXTERNE,CREE_PAR,DATE_CREATION,MODIFIE_PAR,DATE_MODIFICATION,REFERENCE,VERSION,LIBELLE_HTML,PLACEHOLDER,LIBELLE_2,LIBELLE_3,ID_LIBELLE,CODE_CLIENT) values ('login.libelle.inscription.explication_client','en_US','LOGIN','Your client code can access a secure environment for you, all the elements of the SOFI repository will be available only for you and your users.',null,null,null,'system',null,null,null,null,'1',null,null,null,null,'37442',null);
Insert into LIBELLE_JAVA (CLE_LIBELLE,CODE_LOCALE,CODE_APPLICATION,LIBELLE,AIDE_CONTEXTUELLE,AIDE_CONTEXTUELLE_HTML,AIDE_CONTEXTUELLE_EXTERNE,CREE_PAR,DATE_CREATION,MODIFIE_PAR,DATE_MODIFICATION,REFERENCE,VERSION,LIBELLE_HTML,PLACEHOLDER,LIBELLE_2,LIBELLE_3,ID_LIBELLE,CODE_CLIENT) values ('login.libelle.inscription.champ.prenom','fr_CA','LOGIN','Prénom',null,null,null,'system',null,null,null,null,'1',null,null,null,null,'37439',null);
Insert into LIBELLE_JAVA (CLE_LIBELLE,CODE_LOCALE,CODE_APPLICATION,LIBELLE,AIDE_CONTEXTUELLE,AIDE_CONTEXTUELLE_HTML,AIDE_CONTEXTUELLE_EXTERNE,CREE_PAR,DATE_CREATION,MODIFIE_PAR,DATE_MODIFICATION,REFERENCE,VERSION,LIBELLE_HTML,PLACEHOLDER,LIBELLE_2,LIBELLE_3,ID_LIBELLE,CODE_CLIENT) values ('login.libelle.inscription.champ.mot_passe','en_US','LOGIN','Password',null,null,null,'system',null,null,null,null,'1',null,null,null,null,'35322',null);
Insert into LIBELLE_JAVA (CLE_LIBELLE,CODE_LOCALE,CODE_APPLICATION,LIBELLE,AIDE_CONTEXTUELLE,AIDE_CONTEXTUELLE_HTML,AIDE_CONTEXTUELLE_EXTERNE,CREE_PAR,DATE_CREATION,MODIFIE_PAR,DATE_MODIFICATION,REFERENCE,VERSION,LIBELLE_HTML,PLACEHOLDER,LIBELLE_2,LIBELLE_3,ID_LIBELLE,CODE_CLIENT) values ('login.libelle.inscription.champ.nom_client','en_US','LOGIN','Your organization''s name (if personal, please specify your name)',null,null,null,'system',null,null,null,null,'1',null,null,null,null,'35324',null);
Insert into LIBELLE_JAVA (CLE_LIBELLE,CODE_LOCALE,CODE_APPLICATION,LIBELLE,AIDE_CONTEXTUELLE,AIDE_CONTEXTUELLE_HTML,AIDE_CONTEXTUELLE_EXTERNE,CREE_PAR,DATE_CREATION,MODIFIE_PAR,DATE_MODIFICATION,REFERENCE,VERSION,LIBELLE_HTML,PLACEHOLDER,LIBELLE_2,LIBELLE_3,ID_LIBELLE,CODE_CLIENT) values ('login.libelle.inscription.champ.mot_passe','fr_CA','LOGIN','Votre mot de passe',null,null,null,'system',null,null,null,null,'1',null,null,null,null,'35325',null);
Insert into LIBELLE_JAVA (CLE_LIBELLE,CODE_LOCALE,CODE_APPLICATION,LIBELLE,AIDE_CONTEXTUELLE,AIDE_CONTEXTUELLE_HTML,AIDE_CONTEXTUELLE_EXTERNE,CREE_PAR,DATE_CREATION,MODIFIE_PAR,DATE_MODIFICATION,REFERENCE,VERSION,LIBELLE_HTML,PLACEHOLDER,LIBELLE_2,LIBELLE_3,ID_LIBELLE,CODE_CLIENT) values ('login.libelle.inscription.champ.nom_client','fr_CA','LOGIN','Nom de votre organisation (si personnel, veuillez spécifiez votre nom)',null,null,null,'system',null,null,null,null,'1',null,null,null,null,'35326',null);
Insert into LIBELLE_JAVA (CLE_LIBELLE,CODE_LOCALE,CODE_APPLICATION,LIBELLE,AIDE_CONTEXTUELLE,AIDE_CONTEXTUELLE_HTML,AIDE_CONTEXTUELLE_EXTERNE,CREE_PAR,DATE_CREATION,MODIFIE_PAR,DATE_MODIFICATION,REFERENCE,VERSION,LIBELLE_HTML,PLACEHOLDER,LIBELLE_2,LIBELLE_3,ID_LIBELLE,CODE_CLIENT) values ('login.libelle.inscription.champ.nom','en_US','LOGIN','Last name',null,null,null,'system',null,null,null,null,'1',null,null,null,null,'35327',null);
Insert into LIBELLE_JAVA (CLE_LIBELLE,CODE_LOCALE,CODE_APPLICATION,LIBELLE,AIDE_CONTEXTUELLE,AIDE_CONTEXTUELLE_HTML,AIDE_CONTEXTUELLE_EXTERNE,CREE_PAR,DATE_CREATION,MODIFIE_PAR,DATE_MODIFICATION,REFERENCE,VERSION,LIBELLE_HTML,PLACEHOLDER,LIBELLE_2,LIBELLE_3,ID_LIBELLE,CODE_CLIENT) values ('login.libelle.inscription.champ.nom','fr_CA','LOGIN','Nom',null,null,null,'system',null,null,null,null,'1',null,null,null,null,'35328',null);
Insert into LIBELLE_JAVA (CLE_LIBELLE,CODE_LOCALE,CODE_APPLICATION,LIBELLE,AIDE_CONTEXTUELLE,AIDE_CONTEXTUELLE_HTML,AIDE_CONTEXTUELLE_EXTERNE,CREE_PAR,DATE_CREATION,MODIFIE_PAR,DATE_MODIFICATION,REFERENCE,VERSION,LIBELLE_HTML,PLACEHOLDER,LIBELLE_2,LIBELLE_3,ID_LIBELLE,CODE_CLIENT) values ('login.libelle.oublier_mot_passe.bouton.envoyer','en_US','LOGIN','Send',null,null,null,'system',null,null,null,null,'1',null,null,null,null,'35329',null);
Insert into LIBELLE_JAVA (CLE_LIBELLE,CODE_LOCALE,CODE_APPLICATION,LIBELLE,AIDE_CONTEXTUELLE,AIDE_CONTEXTUELLE_HTML,AIDE_CONTEXTUELLE_EXTERNE,CREE_PAR,DATE_CREATION,MODIFIE_PAR,DATE_MODIFICATION,REFERENCE,VERSION,LIBELLE_HTML,PLACEHOLDER,LIBELLE_2,LIBELLE_3,ID_LIBELLE,CODE_CLIENT) values ('login.libelle.oublier_mot_passe.codeCaptcha','en_US','LOGIN','Enter the code shown below',null,null,null,'system',null,null,null,null,'1',null,null,null,null,'35330',null);
Insert into LIBELLE_JAVA (CLE_LIBELLE,CODE_LOCALE,CODE_APPLICATION,LIBELLE,AIDE_CONTEXTUELLE,AIDE_CONTEXTUELLE_HTML,AIDE_CONTEXTUELLE_EXTERNE,CREE_PAR,DATE_CREATION,MODIFIE_PAR,DATE_MODIFICATION,REFERENCE,VERSION,LIBELLE_HTML,PLACEHOLDER,LIBELLE_2,LIBELLE_3,ID_LIBELLE,CODE_CLIENT) values ('login.libelle.oublier_mot_passe.codeCaptcha','fr_CA','LOGIN','Tapez le code affiché ci-dessous',null,null,null,'system',null,null,null,null,'1',null,null,null,null,'35331',null);
Insert into LIBELLE_JAVA (CLE_LIBELLE,CODE_LOCALE,CODE_APPLICATION,LIBELLE,AIDE_CONTEXTUELLE,AIDE_CONTEXTUELLE_HTML,AIDE_CONTEXTUELLE_EXTERNE,CREE_PAR,DATE_CREATION,MODIFIE_PAR,DATE_MODIFICATION,REFERENCE,VERSION,LIBELLE_HTML,PLACEHOLDER,LIBELLE_2,LIBELLE_3,ID_LIBELLE,CODE_CLIENT) values ('login.libelle.oublier_mot_passe.code_utilisateur','en_US','LOGIN','My SOFI account',null,null,null,'system',null,null,null,null,'1',null,null,null,null,'35332',null);
Insert into LIBELLE_JAVA (CLE_LIBELLE,CODE_LOCALE,CODE_APPLICATION,LIBELLE,AIDE_CONTEXTUELLE,AIDE_CONTEXTUELLE_HTML,AIDE_CONTEXTUELLE_EXTERNE,CREE_PAR,DATE_CREATION,MODIFIE_PAR,DATE_MODIFICATION,REFERENCE,VERSION,LIBELLE_HTML,PLACEHOLDER,LIBELLE_2,LIBELLE_3,ID_LIBELLE,CODE_CLIENT) values ('login.libelle.oublier_mot_passe.code_utilisateur','fr_CA','LOGIN','Mon compte SOFI',null,null,null,'system',null,null,null,null,'1',null,null,null,null,'35333',null);
Insert into LIBELLE_JAVA (CLE_LIBELLE,CODE_LOCALE,CODE_APPLICATION,LIBELLE,AIDE_CONTEXTUELLE,AIDE_CONTEXTUELLE_HTML,AIDE_CONTEXTUELLE_EXTERNE,CREE_PAR,DATE_CREATION,MODIFIE_PAR,DATE_MODIFICATION,REFERENCE,VERSION,LIBELLE_HTML,PLACEHOLDER,LIBELLE_2,LIBELLE_3,ID_LIBELLE,CODE_CLIENT) values ('login.libelle.oublier_mot_passe.explication','en_US','LOGIN','Enter your <b>Account SOFI</b> and an email will be sent with the procedure to recover your password.',null,null,null,'system',null,null,null,null,'1',null,null,null,null,'35334',null);
Insert into LIBELLE_JAVA (CLE_LIBELLE,CODE_LOCALE,CODE_APPLICATION,LIBELLE,AIDE_CONTEXTUELLE,AIDE_CONTEXTUELLE_HTML,AIDE_CONTEXTUELLE_EXTERNE,CREE_PAR,DATE_CREATION,MODIFIE_PAR,DATE_MODIFICATION,REFERENCE,VERSION,LIBELLE_HTML,PLACEHOLDER,LIBELLE_2,LIBELLE_3,ID_LIBELLE,CODE_CLIENT) values ('login.libelle.oublier_mot_passe.explication','fr_CA','LOGIN','Saisir votre <b>Compte SOFI</b> et un courriel vous sera envoyé avec la procédure à suivre pour récupérer votre mot de passe.',null,null,null,'system',null,null,null,null,'1',null,null,null,null,'35335',null);
Insert into LIBELLE_JAVA (CLE_LIBELLE,CODE_LOCALE,CODE_APPLICATION,LIBELLE,AIDE_CONTEXTUELLE,AIDE_CONTEXTUELLE_HTML,AIDE_CONTEXTUELLE_EXTERNE,CREE_PAR,DATE_CREATION,MODIFIE_PAR,DATE_MODIFICATION,REFERENCE,VERSION,LIBELLE_HTML,PLACEHOLDER,LIBELLE_2,LIBELLE_3,ID_LIBELLE,CODE_CLIENT) values ('login.libelle.oublie_mot_passe.titre','en_US','LOGIN','I forgot my password',null,null,null,'system',null,null,null,null,'1',null,null,null,null,'35336',null);
Insert into LIBELLE_JAVA (CLE_LIBELLE,CODE_LOCALE,CODE_APPLICATION,LIBELLE,AIDE_CONTEXTUELLE,AIDE_CONTEXTUELLE_HTML,AIDE_CONTEXTUELLE_EXTERNE,CREE_PAR,DATE_CREATION,MODIFIE_PAR,DATE_MODIFICATION,REFERENCE,VERSION,LIBELLE_HTML,PLACEHOLDER,LIBELLE_2,LIBELLE_3,ID_LIBELLE,CODE_CLIENT) values ('login.libelle.oublie_mot_passe.titre','fr_CA','LOGIN','J''ai oublié mon mot de passe',null,null,null,'system',null,null,null,null,'1',null,null,null,null,'35337',null);
Insert into LIBELLE_JAVA (CLE_LIBELLE,CODE_LOCALE,CODE_APPLICATION,LIBELLE,AIDE_CONTEXTUELLE,AIDE_CONTEXTUELLE_HTML,AIDE_CONTEXTUELLE_EXTERNE,CREE_PAR,DATE_CREATION,MODIFIE_PAR,DATE_MODIFICATION,REFERENCE,VERSION,LIBELLE_HTML,PLACEHOLDER,LIBELLE_2,LIBELLE_3,ID_LIBELLE,CODE_CLIENT) values ('login.libelle.oublie_mot_passe.titre.nouveau_mot_passe','en_US','LOGIN','New password',null,null,null,'system',null,null,null,null,'1',null,null,null,null,'35338',null);
Insert into LIBELLE_JAVA (CLE_LIBELLE,CODE_LOCALE,CODE_APPLICATION,LIBELLE,AIDE_CONTEXTUELLE,AIDE_CONTEXTUELLE_HTML,AIDE_CONTEXTUELLE_EXTERNE,CREE_PAR,DATE_CREATION,MODIFIE_PAR,DATE_MODIFICATION,REFERENCE,VERSION,LIBELLE_HTML,PLACEHOLDER,LIBELLE_2,LIBELLE_3,ID_LIBELLE,CODE_CLIENT) values ('login.libelle.oublie_mot_passe.titre.nouveau_mot_passe','fr_CA','LOGIN','Nouveau mot de passe',null,null,null,'system',null,null,null,null,'1',null,null,null,null,'35339',null);
Insert into LIBELLE_JAVA (CLE_LIBELLE,CODE_LOCALE,CODE_APPLICATION,LIBELLE,AIDE_CONTEXTUELLE,AIDE_CONTEXTUELLE_HTML,AIDE_CONTEXTUELLE_EXTERNE,CREE_PAR,DATE_CREATION,MODIFIE_PAR,DATE_MODIFICATION,REFERENCE,VERSION,LIBELLE_HTML,PLACEHOLDER,LIBELLE_2,LIBELLE_3,ID_LIBELLE,CODE_CLIENT) values ('login.libelle.section.utilisateur','fr_CA','LOGIN','Utilisateur',null,null,null,null,null,null,null,null,'1',null,null,null,null,'35340',null);
Insert into LIBELLE_JAVA (CLE_LIBELLE,CODE_LOCALE,CODE_APPLICATION,LIBELLE,AIDE_CONTEXTUELLE,AIDE_CONTEXTUELLE_HTML,AIDE_CONTEXTUELLE_EXTERNE,CREE_PAR,DATE_CREATION,MODIFIE_PAR,DATE_MODIFICATION,REFERENCE,VERSION,LIBELLE_HTML,PLACEHOLDER,LIBELLE_2,LIBELLE_3,ID_LIBELLE,CODE_CLIENT) values ('login.libelle.service.changer_mot_passe','fr_CA','LOGIN','Changement de mot de passe',null,null,null,null,null,null,null,null,'1',null,null,null,null,'35341',null);
Insert into LIBELLE_JAVA (CLE_LIBELLE,CODE_LOCALE,CODE_APPLICATION,LIBELLE,AIDE_CONTEXTUELLE,AIDE_CONTEXTUELLE_HTML,AIDE_CONTEXTUELLE_EXTERNE,CREE_PAR,DATE_CREATION,MODIFIE_PAR,DATE_MODIFICATION,REFERENCE,VERSION,LIBELLE_HTML,PLACEHOLDER,LIBELLE_2,LIBELLE_3,ID_LIBELLE,CODE_CLIENT) values ('login.libelle.accueil.bonjour','fr_CA','LOGIN','Bonjour {0} {1},',null,null,null,null,null,null,null,null,'1',null,null,null,null,'35342',null);
Insert into LIBELLE_JAVA (CLE_LIBELLE,CODE_LOCALE,CODE_APPLICATION,LIBELLE,AIDE_CONTEXTUELLE,AIDE_CONTEXTUELLE_HTML,AIDE_CONTEXTUELLE_EXTERNE,CREE_PAR,DATE_CREATION,MODIFIE_PAR,DATE_MODIFICATION,REFERENCE,VERSION,LIBELLE_HTML,PLACEHOLDER,LIBELLE_2,LIBELLE_3,ID_LIBELLE,CODE_CLIENT) values ('login.libelle.accueil.explication','en_US','LOGIN','Here is the list of services offered:',null,null,null,'system',null,null,null,null,'1',null,null,null,null,'35343',null);
Insert into LIBELLE_JAVA (CLE_LIBELLE,CODE_LOCALE,CODE_APPLICATION,LIBELLE,AIDE_CONTEXTUELLE,AIDE_CONTEXTUELLE_HTML,AIDE_CONTEXTUELLE_EXTERNE,CREE_PAR,DATE_CREATION,MODIFIE_PAR,DATE_MODIFICATION,REFERENCE,VERSION,LIBELLE_HTML,PLACEHOLDER,LIBELLE_2,LIBELLE_3,ID_LIBELLE,CODE_CLIENT) values ('login.libelle.accueil.explication','fr_CA','LOGIN','Voici la liste des services offerts :',null,null,null,'system',null,null,null,null,'1',null,null,null,null,'35344',null);
Insert into LIBELLE_JAVA (CLE_LIBELLE,CODE_LOCALE,CODE_APPLICATION,LIBELLE,AIDE_CONTEXTUELLE,AIDE_CONTEXTUELLE_HTML,AIDE_CONTEXTUELLE_EXTERNE,CREE_PAR,DATE_CREATION,MODIFIE_PAR,DATE_MODIFICATION,REFERENCE,VERSION,LIBELLE_HTML,PLACEHOLDER,LIBELLE_2,LIBELLE_3,ID_LIBELLE,CODE_CLIENT) values ('login.libelle.accueil.service','fr_CA','LOGIN','Accueil',null,null,null,null,null,null,null,null,'1',null,null,null,null,'35345',null);
Insert into LIBELLE_JAVA (CLE_LIBELLE,CODE_LOCALE,CODE_APPLICATION,LIBELLE,AIDE_CONTEXTUELLE,AIDE_CONTEXTUELLE_HTML,AIDE_CONTEXTUELLE_EXTERNE,CREE_PAR,DATE_CREATION,MODIFIE_PAR,DATE_MODIFICATION,REFERENCE,VERSION,LIBELLE_HTML,PLACEHOLDER,LIBELLE_2,LIBELLE_3,ID_LIBELLE,CODE_CLIENT) values ('login.libelle.accueil.titre','en_US','LOGIN','Home',null,null,null,'system',null,null,null,null,'1',null,null,null,null,'35346',null);
Insert into LIBELLE_JAVA (CLE_LIBELLE,CODE_LOCALE,CODE_APPLICATION,LIBELLE,AIDE_CONTEXTUELLE,AIDE_CONTEXTUELLE_HTML,AIDE_CONTEXTUELLE_EXTERNE,CREE_PAR,DATE_CREATION,MODIFIE_PAR,DATE_MODIFICATION,REFERENCE,VERSION,LIBELLE_HTML,PLACEHOLDER,LIBELLE_2,LIBELLE_3,ID_LIBELLE,CODE_CLIENT) values ('login.libelle.accueil.titre','fr_CA','LOGIN','Accueil',null,null,null,'system',null,null,null,null,'1',null,null,null,null,'35347',null);
Insert into LIBELLE_JAVA (CLE_LIBELLE,CODE_LOCALE,CODE_APPLICATION,LIBELLE,AIDE_CONTEXTUELLE,AIDE_CONTEXTUELLE_HTML,AIDE_CONTEXTUELLE_EXTERNE,CREE_PAR,DATE_CREATION,MODIFIE_PAR,DATE_MODIFICATION,REFERENCE,VERSION,LIBELLE_HTML,PLACEHOLDER,LIBELLE_2,LIBELLE_3,ID_LIBELLE,CODE_CLIENT) values ('login.libelle.application.titre','en_US','LOGIN','SOFI Community',null,null,null,'system',null,null,null,null,'1',null,null,null,null,'35348',null);
Insert into LIBELLE_JAVA (CLE_LIBELLE,CODE_LOCALE,CODE_APPLICATION,LIBELLE,AIDE_CONTEXTUELLE,AIDE_CONTEXTUELLE_HTML,AIDE_CONTEXTUELLE_EXTERNE,CREE_PAR,DATE_CREATION,MODIFIE_PAR,DATE_MODIFICATION,REFERENCE,VERSION,LIBELLE_HTML,PLACEHOLDER,LIBELLE_2,LIBELLE_3,ID_LIBELLE,CODE_CLIENT) values ('login.libelle.application.titre','fr_CA','LOGIN','Communauté SOFI',null,null,null,'system',null,null,null,null,'1',null,null,null,null,'35349',null);
Insert into LIBELLE_JAVA (CLE_LIBELLE,CODE_LOCALE,CODE_APPLICATION,LIBELLE,AIDE_CONTEXTUELLE,AIDE_CONTEXTUELLE_HTML,AIDE_CONTEXTUELLE_EXTERNE,CREE_PAR,DATE_CREATION,MODIFIE_PAR,DATE_MODIFICATION,REFERENCE,VERSION,LIBELLE_HTML,PLACEHOLDER,LIBELLE_2,LIBELLE_3,ID_LIBELLE,CODE_CLIENT) values ('login.libelle.authentification.action.connecter','en_US','LOGIN','Login',null,null,null,'system',null,null,null,null,'1',null,null,null,null,'35350',null);
Insert into LIBELLE_JAVA (CLE_LIBELLE,CODE_LOCALE,CODE_APPLICATION,LIBELLE,AIDE_CONTEXTUELLE,AIDE_CONTEXTUELLE_HTML,AIDE_CONTEXTUELLE_EXTERNE,CREE_PAR,DATE_CREATION,MODIFIE_PAR,DATE_MODIFICATION,REFERENCE,VERSION,LIBELLE_HTML,PLACEHOLDER,LIBELLE_2,LIBELLE_3,ID_LIBELLE,CODE_CLIENT) values ('login.libelle.authentification.action.connecter','fr_CA','LOGIN','Ouvrir une session',null,null,null,'system',null,null,null,null,'1',null,null,null,null,'35351',null);
Insert into LIBELLE_JAVA (CLE_LIBELLE,CODE_LOCALE,CODE_APPLICATION,LIBELLE,AIDE_CONTEXTUELLE,AIDE_CONTEXTUELLE_HTML,AIDE_CONTEXTUELLE_EXTERNE,CREE_PAR,DATE_CREATION,MODIFIE_PAR,DATE_MODIFICATION,REFERENCE,VERSION,LIBELLE_HTML,PLACEHOLDER,LIBELLE_2,LIBELLE_3,ID_LIBELLE,CODE_CLIENT) values ('login.libelle.authentification.action.inscription','en_US','LOGIN','Register',null,null,null,'system',null,null,null,null,'1',null,null,null,null,'35352',null);
Insert into LIBELLE_JAVA (CLE_LIBELLE,CODE_LOCALE,CODE_APPLICATION,LIBELLE,AIDE_CONTEXTUELLE,AIDE_CONTEXTUELLE_HTML,AIDE_CONTEXTUELLE_EXTERNE,CREE_PAR,DATE_CREATION,MODIFIE_PAR,DATE_MODIFICATION,REFERENCE,VERSION,LIBELLE_HTML,PLACEHOLDER,LIBELLE_2,LIBELLE_3,ID_LIBELLE,CODE_CLIENT) values ('login.libelle.authentification.action.inscription','fr_CA','LOGIN','Je désire m''inscrire!',null,null,null,'system',null,null,null,null,'1',null,null,null,null,'35353',null);
Insert into LIBELLE_JAVA (CLE_LIBELLE,CODE_LOCALE,CODE_APPLICATION,LIBELLE,AIDE_CONTEXTUELLE,AIDE_CONTEXTUELLE_HTML,AIDE_CONTEXTUELLE_EXTERNE,CREE_PAR,DATE_CREATION,MODIFIE_PAR,DATE_MODIFICATION,REFERENCE,VERSION,LIBELLE_HTML,PLACEHOLDER,LIBELLE_2,LIBELLE_3,ID_LIBELLE,CODE_CLIENT) values ('login.libelle.authentification.action.modification_mot_passe','en_US','LOGIN','Change password',null,null,null,'system',null,null,null,null,'1',null,null,null,null,'35354',null);
Insert into LIBELLE_JAVA (CLE_LIBELLE,CODE_LOCALE,CODE_APPLICATION,LIBELLE,AIDE_CONTEXTUELLE,AIDE_CONTEXTUELLE_HTML,AIDE_CONTEXTUELLE_EXTERNE,CREE_PAR,DATE_CREATION,MODIFIE_PAR,DATE_MODIFICATION,REFERENCE,VERSION,LIBELLE_HTML,PLACEHOLDER,LIBELLE_2,LIBELLE_3,ID_LIBELLE,CODE_CLIENT) values ('login.libelle.authentification.action.modification_mot_passe','fr_CA','LOGIN','Je désire modifier mon mot de passe.',null,null,null,'system',null,null,null,null,'1',null,null,null,null,'35355',null);
Insert into LIBELLE_JAVA (CLE_LIBELLE,CODE_LOCALE,CODE_APPLICATION,LIBELLE,AIDE_CONTEXTUELLE,AIDE_CONTEXTUELLE_HTML,AIDE_CONTEXTUELLE_EXTERNE,CREE_PAR,DATE_CREATION,MODIFIE_PAR,DATE_MODIFICATION,REFERENCE,VERSION,LIBELLE_HTML,PLACEHOLDER,LIBELLE_2,LIBELLE_3,ID_LIBELLE,CODE_CLIENT) values ('login.libelle.authentification.action.oublie_mot_passe','en_US','LOGIN','Forgot password',null,null,null,'system',null,null,null,null,'1',null,null,null,null,'35356',null);
Insert into LIBELLE_JAVA (CLE_LIBELLE,CODE_LOCALE,CODE_APPLICATION,LIBELLE,AIDE_CONTEXTUELLE,AIDE_CONTEXTUELLE_HTML,AIDE_CONTEXTUELLE_EXTERNE,CREE_PAR,DATE_CREATION,MODIFIE_PAR,DATE_MODIFICATION,REFERENCE,VERSION,LIBELLE_HTML,PLACEHOLDER,LIBELLE_2,LIBELLE_3,ID_LIBELLE,CODE_CLIENT) values ('login.libelle.authentification.action.oublie_mot_passe','fr_CA','LOGIN','J''ai oublié mon mot de passe',null,null,null,'system',null,null,null,null,'1',null,null,null,null,'35357',null);
Insert into LIBELLE_JAVA (CLE_LIBELLE,CODE_LOCALE,CODE_APPLICATION,LIBELLE,AIDE_CONTEXTUELLE,AIDE_CONTEXTUELLE_HTML,AIDE_CONTEXTUELLE_EXTERNE,CREE_PAR,DATE_CREATION,MODIFIE_PAR,DATE_MODIFICATION,REFERENCE,VERSION,LIBELLE_HTML,PLACEHOLDER,LIBELLE_2,LIBELLE_3,ID_LIBELLE,CODE_CLIENT) values ('login.libelle.authentification.action.ouvrir_session','en_US','LOGIN','Sign in',null,null,null,'system',null,null,null,null,'1',null,null,null,null,'35358',null);
Insert into LIBELLE_JAVA (CLE_LIBELLE,CODE_LOCALE,CODE_APPLICATION,LIBELLE,AIDE_CONTEXTUELLE,AIDE_CONTEXTUELLE_HTML,AIDE_CONTEXTUELLE_EXTERNE,CREE_PAR,DATE_CREATION,MODIFIE_PAR,DATE_MODIFICATION,REFERENCE,VERSION,LIBELLE_HTML,PLACEHOLDER,LIBELLE_2,LIBELLE_3,ID_LIBELLE,CODE_CLIENT) values ('login.libelle.authentification.action.ouvrir_session','fr_CA','LOGIN','Ouvrir une session',null,null,null,'system',null,null,null,null,'1',null,null,null,null,'35359',null);
Insert into LIBELLE_JAVA (CLE_LIBELLE,CODE_LOCALE,CODE_APPLICATION,LIBELLE,AIDE_CONTEXTUELLE,AIDE_CONTEXTUELLE_HTML,AIDE_CONTEXTUELLE_EXTERNE,CREE_PAR,DATE_CREATION,MODIFIE_PAR,DATE_MODIFICATION,REFERENCE,VERSION,LIBELLE_HTML,PLACEHOLDER,LIBELLE_2,LIBELLE_3,ID_LIBELLE,CODE_CLIENT) values ('login.libelle.authentification.champ.mot_passe','en_US','LOGIN','Password',null,null,null,'system',null,null,null,null,'1',null,null,null,null,'35360',null);
Insert into LIBELLE_JAVA (CLE_LIBELLE,CODE_LOCALE,CODE_APPLICATION,LIBELLE,AIDE_CONTEXTUELLE,AIDE_CONTEXTUELLE_HTML,AIDE_CONTEXTUELLE_EXTERNE,CREE_PAR,DATE_CREATION,MODIFIE_PAR,DATE_MODIFICATION,REFERENCE,VERSION,LIBELLE_HTML,PLACEHOLDER,LIBELLE_2,LIBELLE_3,ID_LIBELLE,CODE_CLIENT) values ('login.libelle.authentification.champ.mot_passe','fr_CA','LOGIN','Mot de passe',null,null,null,'system',null,null,null,null,'1',null,null,null,null,'35361',null);
Insert into LIBELLE_JAVA (CLE_LIBELLE,CODE_LOCALE,CODE_APPLICATION,LIBELLE,AIDE_CONTEXTUELLE,AIDE_CONTEXTUELLE_HTML,AIDE_CONTEXTUELLE_EXTERNE,CREE_PAR,DATE_CREATION,MODIFIE_PAR,DATE_MODIFICATION,REFERENCE,VERSION,LIBELLE_HTML,PLACEHOLDER,LIBELLE_2,LIBELLE_3,ID_LIBELLE,CODE_CLIENT) values ('login.libelle.authentification.champ.nom_utilisateur','en_US','LOGIN','Account SOFI',null,null,null,'system',null,null,null,null,'1',null,null,null,null,'35362',null);
Insert into LIBELLE_JAVA (CLE_LIBELLE,CODE_LOCALE,CODE_APPLICATION,LIBELLE,AIDE_CONTEXTUELLE,AIDE_CONTEXTUELLE_HTML,AIDE_CONTEXTUELLE_EXTERNE,CREE_PAR,DATE_CREATION,MODIFIE_PAR,DATE_MODIFICATION,REFERENCE,VERSION,LIBELLE_HTML,PLACEHOLDER,LIBELLE_2,LIBELLE_3,ID_LIBELLE,CODE_CLIENT) values ('login.libelle.authentification.champ.nom_utilisateur','fr_CA','LOGIN','Compte SOFI',null,null,null,'system',null,null,null,null,'1',null,null,null,null,'35363',null);
Insert into LIBELLE_JAVA (CLE_LIBELLE,CODE_LOCALE,CODE_APPLICATION,LIBELLE,AIDE_CONTEXTUELLE,AIDE_CONTEXTUELLE_HTML,AIDE_CONTEXTUELLE_EXTERNE,CREE_PAR,DATE_CREATION,MODIFIE_PAR,DATE_MODIFICATION,REFERENCE,VERSION,LIBELLE_HTML,PLACEHOLDER,LIBELLE_2,LIBELLE_3,ID_LIBELLE,CODE_CLIENT) values ('login.libelle.authentification.titre','en_US','LOGIN','Login',null,null,null,'system',null,null,null,null,'1',null,null,null,null,'35364',null);
Insert into LIBELLE_JAVA (CLE_LIBELLE,CODE_LOCALE,CODE_APPLICATION,LIBELLE,AIDE_CONTEXTUELLE,AIDE_CONTEXTUELLE_HTML,AIDE_CONTEXTUELLE_EXTERNE,CREE_PAR,DATE_CREATION,MODIFIE_PAR,DATE_MODIFICATION,REFERENCE,VERSION,LIBELLE_HTML,PLACEHOLDER,LIBELLE_2,LIBELLE_3,ID_LIBELLE,CODE_CLIENT) values ('login.libelle.authentification.titre','fr_CA','LOGIN','Authentification',null,null,null,'system',null,null,null,null,'1',null,null,null,null,'35365',null);
Insert into LIBELLE_JAVA (CLE_LIBELLE,CODE_LOCALE,CODE_APPLICATION,LIBELLE,AIDE_CONTEXTUELLE,AIDE_CONTEXTUELLE_HTML,AIDE_CONTEXTUELLE_EXTERNE,CREE_PAR,DATE_CREATION,MODIFIE_PAR,DATE_MODIFICATION,REFERENCE,VERSION,LIBELLE_HTML,PLACEHOLDER,LIBELLE_2,LIBELLE_3,ID_LIBELLE,CODE_CLIENT) values ('login.libelle.authentification.titre.connexion','en_US','LOGIN','Sign in to SOFI',null,null,null,'system',null,null,null,null,'1',null,null,null,null,'35366',null);
Insert into LIBELLE_JAVA (CLE_LIBELLE,CODE_LOCALE,CODE_APPLICATION,LIBELLE,AIDE_CONTEXTUELLE,AIDE_CONTEXTUELLE_HTML,AIDE_CONTEXTUELLE_EXTERNE,CREE_PAR,DATE_CREATION,MODIFIE_PAR,DATE_MODIFICATION,REFERENCE,VERSION,LIBELLE_HTML,PLACEHOLDER,LIBELLE_2,LIBELLE_3,ID_LIBELLE,CODE_CLIENT) values ('login.libelle.authentification.titre.connexion','fr_CA','LOGIN','Connexion à SOFI',null,null,null,'system',null,null,null,null,'1',null,null,null,null,'35367',null);
Insert into LIBELLE_JAVA (CLE_LIBELLE,CODE_LOCALE,CODE_APPLICATION,LIBELLE,AIDE_CONTEXTUELLE,AIDE_CONTEXTUELLE_HTML,AIDE_CONTEXTUELLE_EXTERNE,CREE_PAR,DATE_CREATION,MODIFIE_PAR,DATE_MODIFICATION,REFERENCE,VERSION,LIBELLE_HTML,PLACEHOLDER,LIBELLE_2,LIBELLE_3,ID_LIBELLE,CODE_CLIENT) values ('login.libelle.changement_mot_passe.explication','en_US','LOGIN','For your <b>SOFI account</b>, please enter a new password and confirm it.',null,null,null,'system',null,null,null,null,'1',null,null,null,null,'35368',null);
Insert into LIBELLE_JAVA (CLE_LIBELLE,CODE_LOCALE,CODE_APPLICATION,LIBELLE,AIDE_CONTEXTUELLE,AIDE_CONTEXTUELLE_HTML,AIDE_CONTEXTUELLE_EXTERNE,CREE_PAR,DATE_CREATION,MODIFIE_PAR,DATE_MODIFICATION,REFERENCE,VERSION,LIBELLE_HTML,PLACEHOLDER,LIBELLE_2,LIBELLE_3,ID_LIBELLE,CODE_CLIENT) values ('login.libelle.changement_mot_passe.explication','fr_CA','LOGIN','Pour votre <b>Compte SOFI</b>, veuillez saisir un nouveau mot de passe et le confirmer une deuxième fois.',null,null,null,'system',null,null,null,null,'1',null,null,null,null,'35369',null);
Insert into LIBELLE_JAVA (CLE_LIBELLE,CODE_LOCALE,CODE_APPLICATION,LIBELLE,AIDE_CONTEXTUELLE,AIDE_CONTEXTUELLE_HTML,AIDE_CONTEXTUELLE_EXTERNE,CREE_PAR,DATE_CREATION,MODIFIE_PAR,DATE_MODIFICATION,REFERENCE,VERSION,LIBELLE_HTML,PLACEHOLDER,LIBELLE_2,LIBELLE_3,ID_LIBELLE,CODE_CLIENT) values ('login.libelle.changer_mot_passe.bouton.changer_mot_passe','fr_CA','LOGIN','Enregistrer',null,null,null,'system',null,null,null,null,'1',null,null,null,null,'35370',null);
Insert into LIBELLE_JAVA (CLE_LIBELLE,CODE_LOCALE,CODE_APPLICATION,LIBELLE,AIDE_CONTEXTUELLE,AIDE_CONTEXTUELLE_HTML,AIDE_CONTEXTUELLE_EXTERNE,CREE_PAR,DATE_CREATION,MODIFIE_PAR,DATE_MODIFICATION,REFERENCE,VERSION,LIBELLE_HTML,PLACEHOLDER,LIBELLE_2,LIBELLE_3,ID_LIBELLE,CODE_CLIENT) values ('login.libelle.changer_mot_passe.champ.code_utilisateur','en_US','LOGIN','Your SOFI account',null,null,null,'system',null,null,null,null,'1',null,null,null,null,'35371',null);
Insert into LIBELLE_JAVA (CLE_LIBELLE,CODE_LOCALE,CODE_APPLICATION,LIBELLE,AIDE_CONTEXTUELLE,AIDE_CONTEXTUELLE_HTML,AIDE_CONTEXTUELLE_EXTERNE,CREE_PAR,DATE_CREATION,MODIFIE_PAR,DATE_MODIFICATION,REFERENCE,VERSION,LIBELLE_HTML,PLACEHOLDER,LIBELLE_2,LIBELLE_3,ID_LIBELLE,CODE_CLIENT) values ('login.libelle.changer_mot_passe.champ.code_utilisateur','fr_CA','LOGIN','Mon Compte SOFI',null,null,null,'system',null,null,null,null,'1',null,null,null,null,'35372',null);
Insert into LIBELLE_JAVA (CLE_LIBELLE,CODE_LOCALE,CODE_APPLICATION,LIBELLE,AIDE_CONTEXTUELLE,AIDE_CONTEXTUELLE_HTML,AIDE_CONTEXTUELLE_EXTERNE,CREE_PAR,DATE_CREATION,MODIFIE_PAR,DATE_MODIFICATION,REFERENCE,VERSION,LIBELLE_HTML,PLACEHOLDER,LIBELLE_2,LIBELLE_3,ID_LIBELLE,CODE_CLIENT) values ('login.libelle.changer_mot_passe.champ.confirmer_mot_passe','en_US','LOGIN','Re-type Password',null,null,null,'system',null,null,null,null,'1',null,null,null,null,'35373',null);
Insert into LIBELLE_JAVA (CLE_LIBELLE,CODE_LOCALE,CODE_APPLICATION,LIBELLE,AIDE_CONTEXTUELLE,AIDE_CONTEXTUELLE_HTML,AIDE_CONTEXTUELLE_EXTERNE,CREE_PAR,DATE_CREATION,MODIFIE_PAR,DATE_MODIFICATION,REFERENCE,VERSION,LIBELLE_HTML,PLACEHOLDER,LIBELLE_2,LIBELLE_3,ID_LIBELLE,CODE_CLIENT) values ('login.libelle.changer_mot_passe.champ.confirmer_mot_passe','fr_CA','LOGIN','Répétez le mot de passe',null,null,null,'system',null,null,null,null,'1',null,null,null,null,'35374',null);
Insert into LIBELLE_JAVA (CLE_LIBELLE,CODE_LOCALE,CODE_APPLICATION,LIBELLE,AIDE_CONTEXTUELLE,AIDE_CONTEXTUELLE_HTML,AIDE_CONTEXTUELLE_EXTERNE,CREE_PAR,DATE_CREATION,MODIFIE_PAR,DATE_MODIFICATION,REFERENCE,VERSION,LIBELLE_HTML,PLACEHOLDER,LIBELLE_2,LIBELLE_3,ID_LIBELLE,CODE_CLIENT) values ('login.libelle.changer_mot_passe.champ.nouveau_mot_passe','en_US','LOGIN','New password',null,null,null,'system',null,null,null,null,'1',null,null,null,null,'35375',null);
Insert into LIBELLE_JAVA (CLE_LIBELLE,CODE_LOCALE,CODE_APPLICATION,LIBELLE,AIDE_CONTEXTUELLE,AIDE_CONTEXTUELLE_HTML,AIDE_CONTEXTUELLE_EXTERNE,CREE_PAR,DATE_CREATION,MODIFIE_PAR,DATE_MODIFICATION,REFERENCE,VERSION,LIBELLE_HTML,PLACEHOLDER,LIBELLE_2,LIBELLE_3,ID_LIBELLE,CODE_CLIENT) values ('login.libelle.changer_mot_passe.champ.nouveau_mot_passe','fr_CA','LOGIN','Nouveau mot de passe',null,null,null,'system',null,null,null,null,'1',null,null,null,null,'35376',null);
Insert into LIBELLE_JAVA (CLE_LIBELLE,CODE_LOCALE,CODE_APPLICATION,LIBELLE,AIDE_CONTEXTUELLE,AIDE_CONTEXTUELLE_HTML,AIDE_CONTEXTUELLE_EXTERNE,CREE_PAR,DATE_CREATION,MODIFIE_PAR,DATE_MODIFICATION,REFERENCE,VERSION,LIBELLE_HTML,PLACEHOLDER,LIBELLE_2,LIBELLE_3,ID_LIBELLE,CODE_CLIENT) values ('login.libelle.commun.action.accueil','en_US','LOGIN','Home',null,null,null,'system',null,null,null,null,'1',null,null,null,null,'35377',null);
Insert into LIBELLE_JAVA (CLE_LIBELLE,CODE_LOCALE,CODE_APPLICATION,LIBELLE,AIDE_CONTEXTUELLE,AIDE_CONTEXTUELLE_HTML,AIDE_CONTEXTUELLE_EXTERNE,CREE_PAR,DATE_CREATION,MODIFIE_PAR,DATE_MODIFICATION,REFERENCE,VERSION,LIBELLE_HTML,PLACEHOLDER,LIBELLE_2,LIBELLE_3,ID_LIBELLE,CODE_CLIENT) values ('login.libelle.commun.action.accueil','fr_CA','LOGIN','Accueil',null,null,null,'system',null,null,null,null,'1',null,null,null,null,'35378',null);
Insert into LIBELLE_JAVA (CLE_LIBELLE,CODE_LOCALE,CODE_APPLICATION,LIBELLE,AIDE_CONTEXTUELLE,AIDE_CONTEXTUELLE_HTML,AIDE_CONTEXTUELLE_EXTERNE,CREE_PAR,DATE_CREATION,MODIFIE_PAR,DATE_MODIFICATION,REFERENCE,VERSION,LIBELLE_HTML,PLACEHOLDER,LIBELLE_2,LIBELLE_3,ID_LIBELLE,CODE_CLIENT) values ('login.libelle.commun.action.quitter','en_US','LOGIN','Sign Out',null,null,null,'system',null,null,null,null,'1',null,null,null,null,'35379',null);
Insert into LIBELLE_JAVA (CLE_LIBELLE,CODE_LOCALE,CODE_APPLICATION,LIBELLE,AIDE_CONTEXTUELLE,AIDE_CONTEXTUELLE_HTML,AIDE_CONTEXTUELLE_EXTERNE,CREE_PAR,DATE_CREATION,MODIFIE_PAR,DATE_MODIFICATION,REFERENCE,VERSION,LIBELLE_HTML,PLACEHOLDER,LIBELLE_2,LIBELLE_3,ID_LIBELLE,CODE_CLIENT) values ('login.libelle.commun.action.quitter','fr_CA','LOGIN','Fermer ma session',null,null,null,'system',null,null,null,null,'1',null,null,null,null,'35380',null);
Insert into LIBELLE_JAVA (CLE_LIBELLE,CODE_LOCALE,CODE_APPLICATION,LIBELLE,AIDE_CONTEXTUELLE,AIDE_CONTEXTUELLE_HTML,AIDE_CONTEXTUELLE_EXTERNE,CREE_PAR,DATE_CREATION,MODIFIE_PAR,DATE_MODIFICATION,REFERENCE,VERSION,LIBELLE_HTML,PLACEHOLDER,LIBELLE_2,LIBELLE_3,ID_LIBELLE,CODE_CLIENT) values ('login.libelle.commun.liste_langue','en_US','LOGIN','Language&nbsp;',null,null,null,'system',null,null,null,null,'1',null,null,null,null,'35381',null);
Insert into LIBELLE_JAVA (CLE_LIBELLE,CODE_LOCALE,CODE_APPLICATION,LIBELLE,AIDE_CONTEXTUELLE,AIDE_CONTEXTUELLE_HTML,AIDE_CONTEXTUELLE_EXTERNE,CREE_PAR,DATE_CREATION,MODIFIE_PAR,DATE_MODIFICATION,REFERENCE,VERSION,LIBELLE_HTML,PLACEHOLDER,LIBELLE_2,LIBELLE_3,ID_LIBELLE,CODE_CLIENT) values ('login.libelle.commun.liste_langue','fr_CA','LOGIN','Langue&nbsp;',null,null,null,'system',null,null,null,null,'1',null,null,null,null,'35382',null);
Insert into LIBELLE_JAVA (CLE_LIBELLE,CODE_LOCALE,CODE_APPLICATION,LIBELLE,AIDE_CONTEXTUELLE,AIDE_CONTEXTUELLE_HTML,AIDE_CONTEXTUELLE_EXTERNE,CREE_PAR,DATE_CREATION,MODIFIE_PAR,DATE_MODIFICATION,REFERENCE,VERSION,LIBELLE_HTML,PLACEHOLDER,LIBELLE_2,LIBELLE_3,ID_LIBELLE,CODE_CLIENT) values ('login.libelle.commun.retour_authentification','en_US','LOGIN','Back to login',null,null,null,'system',null,null,null,null,'1',null,null,null,null,'35383',null);
Insert into LIBELLE_JAVA (CLE_LIBELLE,CODE_LOCALE,CODE_APPLICATION,LIBELLE,AIDE_CONTEXTUELLE,AIDE_CONTEXTUELLE_HTML,AIDE_CONTEXTUELLE_EXTERNE,CREE_PAR,DATE_CREATION,MODIFIE_PAR,DATE_MODIFICATION,REFERENCE,VERSION,LIBELLE_HTML,PLACEHOLDER,LIBELLE_2,LIBELLE_3,ID_LIBELLE,CODE_CLIENT) values ('login.libelle.commun.retour_authentification','fr_CA','LOGIN','Retour à l''authentification',null,null,null,'system',null,null,null,null,'1',null,null,null,null,'35384',null);
Insert into LIBELLE_JAVA (CLE_LIBELLE,CODE_LOCALE,CODE_APPLICATION,LIBELLE,AIDE_CONTEXTUELLE,AIDE_CONTEXTUELLE_HTML,AIDE_CONTEXTUELLE_EXTERNE,CREE_PAR,DATE_CREATION,MODIFIE_PAR,DATE_MODIFICATION,REFERENCE,VERSION,LIBELLE_HTML,PLACEHOLDER,LIBELLE_2,LIBELLE_3,ID_LIBELLE,CODE_CLIENT) values ('login.libelle.expiration_mot_passe.titre','en_US','LOGIN','Expired password',null,null,null,'system',null,null,null,null,'1',null,null,null,null,'35385',null);
Insert into LIBELLE_JAVA (CLE_LIBELLE,CODE_LOCALE,CODE_APPLICATION,LIBELLE,AIDE_CONTEXTUELLE,AIDE_CONTEXTUELLE_HTML,AIDE_CONTEXTUELLE_EXTERNE,CREE_PAR,DATE_CREATION,MODIFIE_PAR,DATE_MODIFICATION,REFERENCE,VERSION,LIBELLE_HTML,PLACEHOLDER,LIBELLE_2,LIBELLE_3,ID_LIBELLE,CODE_CLIENT) values ('login.libelle.expiration_mot_passe.titre','fr_CA','LOGIN','Mot de passe expiré',null,null,null,'system',null,null,null,null,'1',null,null,null,null,'35386',null);
Insert into LIBELLE_JAVA (CLE_LIBELLE,CODE_LOCALE,CODE_APPLICATION,LIBELLE,AIDE_CONTEXTUELLE,AIDE_CONTEXTUELLE_HTML,AIDE_CONTEXTUELLE_EXTERNE,CREE_PAR,DATE_CREATION,MODIFIE_PAR,DATE_MODIFICATION,REFERENCE,VERSION,LIBELLE_HTML,PLACEHOLDER,LIBELLE_2,LIBELLE_3,ID_LIBELLE,CODE_CLIENT) values ('login.libelle.oublier_mot_passe.bouton.envoyer','fr_CA','LOGIN','Envoyer',null,null,null,'system',null,null,null,null,'1',null,null,null,null,'35387',null);
Insert into LIBELLE_JAVA (CLE_LIBELLE,CODE_LOCALE,CODE_APPLICATION,LIBELLE,AIDE_CONTEXTUELLE,AIDE_CONTEXTUELLE_HTML,AIDE_CONTEXTUELLE_EXTERNE,CREE_PAR,DATE_CREATION,MODIFIE_PAR,DATE_MODIFICATION,REFERENCE,VERSION,LIBELLE_HTML,PLACEHOLDER,LIBELLE_2,LIBELLE_3,ID_LIBELLE,CODE_CLIENT) values ('login.libelle.fermeture_session.titre','en_US','LOGIN','Logoff',null,null,null,'system',null,null,null,null,'1',null,null,null,null,'35388',null);
Insert into LIBELLE_JAVA (CLE_LIBELLE,CODE_LOCALE,CODE_APPLICATION,LIBELLE,AIDE_CONTEXTUELLE,AIDE_CONTEXTUELLE_HTML,AIDE_CONTEXTUELLE_EXTERNE,CREE_PAR,DATE_CREATION,MODIFIE_PAR,DATE_MODIFICATION,REFERENCE,VERSION,LIBELLE_HTML,PLACEHOLDER,LIBELLE_2,LIBELLE_3,ID_LIBELLE,CODE_CLIENT) values ('login.libelle.fermeture_session.titre','fr_CA','LOGIN','Fermeture de session',null,null,null,'system',null,null,null,null,'1',null,null,null,null,'35389',null);
Insert into LIBELLE_JAVA (CLE_LIBELLE,CODE_LOCALE,CODE_APPLICATION,LIBELLE,AIDE_CONTEXTUELLE,AIDE_CONTEXTUELLE_HTML,AIDE_CONTEXTUELLE_EXTERNE,CREE_PAR,DATE_CREATION,MODIFIE_PAR,DATE_MODIFICATION,REFERENCE,VERSION,LIBELLE_HTML,PLACEHOLDER,LIBELLE_2,LIBELLE_3,ID_LIBELLE,CODE_CLIENT) values ('login.libelle.inscription.action.etape_suivante','en_US','LOGIN','Next step',null,null,null,'system',null,null,null,null,'1',null,null,null,null,'35390',null);
Insert into LIBELLE_JAVA (CLE_LIBELLE,CODE_LOCALE,CODE_APPLICATION,LIBELLE,AIDE_CONTEXTUELLE,AIDE_CONTEXTUELLE_HTML,AIDE_CONTEXTUELLE_EXTERNE,CREE_PAR,DATE_CREATION,MODIFIE_PAR,DATE_MODIFICATION,REFERENCE,VERSION,LIBELLE_HTML,PLACEHOLDER,LIBELLE_2,LIBELLE_3,ID_LIBELLE,CODE_CLIENT) values ('login.libelle.inscription.action.etape_suivante','fr_CA','LOGIN','Étape suivante',null,null,null,'system',null,null,null,null,'1',null,null,null,null,'35391',null);
Insert into LIBELLE_JAVA (CLE_LIBELLE,CODE_LOCALE,CODE_APPLICATION,LIBELLE,AIDE_CONTEXTUELLE,AIDE_CONTEXTUELLE_HTML,AIDE_CONTEXTUELLE_EXTERNE,CREE_PAR,DATE_CREATION,MODIFIE_PAR,DATE_MODIFICATION,REFERENCE,VERSION,LIBELLE_HTML,PLACEHOLDER,LIBELLE_2,LIBELLE_3,ID_LIBELLE,CODE_CLIENT) values ('login.libelle.inscription.action.soumettre','en_US','LOGIN','Submit',null,null,null,'system',null,null,null,null,'1',null,null,null,null,'35392',null);
Insert into LIBELLE_JAVA (CLE_LIBELLE,CODE_LOCALE,CODE_APPLICATION,LIBELLE,AIDE_CONTEXTUELLE,AIDE_CONTEXTUELLE_HTML,AIDE_CONTEXTUELLE_EXTERNE,CREE_PAR,DATE_CREATION,MODIFIE_PAR,DATE_MODIFICATION,REFERENCE,VERSION,LIBELLE_HTML,PLACEHOLDER,LIBELLE_2,LIBELLE_3,ID_LIBELLE,CODE_CLIENT) values ('login.libelle.inscription.action.soumettre','fr_CA','LOGIN','Soumettre',null,null,null,'system',null,null,null,null,'1',null,null,null,null,'35393',null);
Insert into LIBELLE_JAVA (CLE_LIBELLE,CODE_LOCALE,CODE_APPLICATION,LIBELLE,AIDE_CONTEXTUELLE,AIDE_CONTEXTUELLE_HTML,AIDE_CONTEXTUELLE_EXTERNE,CREE_PAR,DATE_CREATION,MODIFIE_PAR,DATE_MODIFICATION,REFERENCE,VERSION,LIBELLE_HTML,PLACEHOLDER,LIBELLE_2,LIBELLE_3,ID_LIBELLE,CODE_CLIENT) values ('login.libelle.inscription.bouton.inscrire','en_US','LOGIN','Confirm registration',null,null,null,'system',null,null,null,null,'1',null,null,null,null,'35394',null);
Insert into LIBELLE_JAVA (CLE_LIBELLE,CODE_LOCALE,CODE_APPLICATION,LIBELLE,AIDE_CONTEXTUELLE,AIDE_CONTEXTUELLE_HTML,AIDE_CONTEXTUELLE_EXTERNE,CREE_PAR,DATE_CREATION,MODIFIE_PAR,DATE_MODIFICATION,REFERENCE,VERSION,LIBELLE_HTML,PLACEHOLDER,LIBELLE_2,LIBELLE_3,ID_LIBELLE,CODE_CLIENT) values ('login.libelle.inscription.bouton.inscrire','fr_CA','LOGIN','Soumettre votre inscription',null,null,null,'system',null,null,null,null,'1',null,null,null,null,'35395',null);
Insert into LIBELLE_JAVA (CLE_LIBELLE,CODE_LOCALE,CODE_APPLICATION,LIBELLE,AIDE_CONTEXTUELLE,AIDE_CONTEXTUELLE_HTML,AIDE_CONTEXTUELLE_EXTERNE,CREE_PAR,DATE_CREATION,MODIFIE_PAR,DATE_MODIFICATION,REFERENCE,VERSION,LIBELLE_HTML,PLACEHOLDER,LIBELLE_2,LIBELLE_3,ID_LIBELLE,CODE_CLIENT) values ('login.libelle.inscription.champ.code_client','en_US','LOGIN','Unique Client ID',null,null,null,'system',null,null,null,null,'1',null,null,null,null,'35396',null);
Insert into LIBELLE_JAVA (CLE_LIBELLE,CODE_LOCALE,CODE_APPLICATION,LIBELLE,AIDE_CONTEXTUELLE,AIDE_CONTEXTUELLE_HTML,AIDE_CONTEXTUELLE_EXTERNE,CREE_PAR,DATE_CREATION,MODIFIE_PAR,DATE_MODIFICATION,REFERENCE,VERSION,LIBELLE_HTML,PLACEHOLDER,LIBELLE_2,LIBELLE_3,ID_LIBELLE,CODE_CLIENT) values ('login.libelle.inscription.champ.code_client','fr_CA','LOGIN','Entrer votre code unique de client',null,null,null,null,null,null,null,null,'1',null,null,null,null,'35397',null);
Insert into LIBELLE_JAVA (CLE_LIBELLE,CODE_LOCALE,CODE_APPLICATION,LIBELLE,AIDE_CONTEXTUELLE,AIDE_CONTEXTUELLE_HTML,AIDE_CONTEXTUELLE_EXTERNE,CREE_PAR,DATE_CREATION,MODIFIE_PAR,DATE_MODIFICATION,REFERENCE,VERSION,LIBELLE_HTML,PLACEHOLDER,LIBELLE_2,LIBELLE_3,ID_LIBELLE,CODE_CLIENT) values ('login.libelle.inscription.champ.code_langue','en_US','LOGIN','Language Preference',null,null,null,'system',null,null,null,null,'1',null,null,null,null,'35398',null);
Insert into LIBELLE_JAVA (CLE_LIBELLE,CODE_LOCALE,CODE_APPLICATION,LIBELLE,AIDE_CONTEXTUELLE,AIDE_CONTEXTUELLE_HTML,AIDE_CONTEXTUELLE_EXTERNE,CREE_PAR,DATE_CREATION,MODIFIE_PAR,DATE_MODIFICATION,REFERENCE,VERSION,LIBELLE_HTML,PLACEHOLDER,LIBELLE_2,LIBELLE_3,ID_LIBELLE,CODE_CLIENT) values ('login.libelle.inscription.champ.code_langue','fr_CA','LOGIN','Langue de préférence',null,null,null,'system',null,null,null,null,'1',null,null,null,null,'35399',null);
Insert into LIBELLE_JAVA (CLE_LIBELLE,CODE_LOCALE,CODE_APPLICATION,LIBELLE,AIDE_CONTEXTUELLE,AIDE_CONTEXTUELLE_HTML,AIDE_CONTEXTUELLE_EXTERNE,CREE_PAR,DATE_CREATION,MODIFIE_PAR,DATE_MODIFICATION,REFERENCE,VERSION,LIBELLE_HTML,PLACEHOLDER,LIBELLE_2,LIBELLE_3,ID_LIBELLE,CODE_CLIENT) values ('login.libelle.inscription.champ.code_utilisateur','en_US','LOGIN','SOFI account (your username)',null,null,null,'system',null,null,null,null,'1',null,null,null,null,'35400',null);
Insert into LIBELLE_JAVA (CLE_LIBELLE,CODE_LOCALE,CODE_APPLICATION,LIBELLE,AIDE_CONTEXTUELLE,AIDE_CONTEXTUELLE_HTML,AIDE_CONTEXTUELLE_EXTERNE,CREE_PAR,DATE_CREATION,MODIFIE_PAR,DATE_MODIFICATION,REFERENCE,VERSION,LIBELLE_HTML,PLACEHOLDER,LIBELLE_2,LIBELLE_3,ID_LIBELLE,CODE_CLIENT) values ('login.libelle.inscription.champ.code_utilisateur','fr_CA','LOGIN','Compte SOFI (votre code utilisateur)',null,null,null,'system',null,null,null,null,'1',null,null,null,null,'35401',null);
Insert into LIBELLE_JAVA (CLE_LIBELLE,CODE_LOCALE,CODE_APPLICATION,LIBELLE,AIDE_CONTEXTUELLE,AIDE_CONTEXTUELLE_HTML,AIDE_CONTEXTUELLE_EXTERNE,CREE_PAR,DATE_CREATION,MODIFIE_PAR,DATE_MODIFICATION,REFERENCE,VERSION,LIBELLE_HTML,PLACEHOLDER,LIBELLE_2,LIBELLE_3,ID_LIBELLE,CODE_CLIENT) values ('login.libelle.inscription.champ.confirmer_mot_passe','en_US','LOGIN','Re-type password',null,null,null,'system',null,null,null,null,'1',null,null,null,null,'35402',null);
Insert into LIBELLE_JAVA (CLE_LIBELLE,CODE_LOCALE,CODE_APPLICATION,LIBELLE,AIDE_CONTEXTUELLE,AIDE_CONTEXTUELLE_HTML,AIDE_CONTEXTUELLE_EXTERNE,CREE_PAR,DATE_CREATION,MODIFIE_PAR,DATE_MODIFICATION,REFERENCE,VERSION,LIBELLE_HTML,PLACEHOLDER,LIBELLE_2,LIBELLE_3,ID_LIBELLE,CODE_CLIENT) values ('login.libelle.inscription.champ.confirmer_mot_passe','fr_CA','LOGIN','Répétez le mot de passe',null,null,null,'system',null,null,null,null,'1',null,null,null,null,'35403',null);
Insert into LIBELLE_JAVA (CLE_LIBELLE,CODE_LOCALE,CODE_APPLICATION,LIBELLE,AIDE_CONTEXTUELLE,AIDE_CONTEXTUELLE_HTML,AIDE_CONTEXTUELLE_EXTERNE,CREE_PAR,DATE_CREATION,MODIFIE_PAR,DATE_MODIFICATION,REFERENCE,VERSION,LIBELLE_HTML,PLACEHOLDER,LIBELLE_2,LIBELLE_3,ID_LIBELLE,CODE_CLIENT) values ('login.libelle.inscription.champ.courriel','en_US','LOGIN','Email adress',null,null,null,'system',null,null,null,null,'1',null,null,null,null,'35404',null);
Insert into LIBELLE_JAVA (CLE_LIBELLE,CODE_LOCALE,CODE_APPLICATION,LIBELLE,AIDE_CONTEXTUELLE,AIDE_CONTEXTUELLE_HTML,AIDE_CONTEXTUELLE_EXTERNE,CREE_PAR,DATE_CREATION,MODIFIE_PAR,DATE_MODIFICATION,REFERENCE,VERSION,LIBELLE_HTML,PLACEHOLDER,LIBELLE_2,LIBELLE_3,ID_LIBELLE,CODE_CLIENT) values ('login.libelle.inscription.champ.courriel','fr_CA','LOGIN','Courriel',null,null,null,'system',null,null,null,null,'1',null,null,null,null,'35405',null);
Insert into LIBELLE_JAVA (CLE_LIBELLE,CODE_LOCALE,CODE_APPLICATION,LIBELLE,AIDE_CONTEXTUELLE,AIDE_CONTEXTUELLE_HTML,AIDE_CONTEXTUELLE_EXTERNE,CREE_PAR,DATE_CREATION,MODIFIE_PAR,DATE_MODIFICATION,REFERENCE,VERSION,LIBELLE_HTML,PLACEHOLDER,LIBELLE_2,LIBELLE_3,ID_LIBELLE,CODE_CLIENT) values ('login.label.common.action.cancel','fr_CA','LOGIN','Annuler',null,null,null,'jf.brassard',to_date('16-03-06','RR-MM-DD'),null,null,null,'0',null,null,null,null,'41605',null);
Insert into LIBELLE_JAVA (CLE_LIBELLE,CODE_LOCALE,CODE_APPLICATION,LIBELLE,AIDE_CONTEXTUELLE,AIDE_CONTEXTUELLE_HTML,AIDE_CONTEXTUELLE_EXTERNE,CREE_PAR,DATE_CREATION,MODIFIE_PAR,DATE_MODIFICATION,REFERENCE,VERSION,LIBELLE_HTML,PLACEHOLDER,LIBELLE_2,LIBELLE_3,ID_LIBELLE,CODE_CLIENT) values ('login.label.common.action.cancel','en_US','LOGIN','Cancel',null,null,null,'jf.brassard',to_date('16-03-06','RR-MM-DD'),null,null,null,'0',null,null,null,null,'41606',null);

REM INSERTING into INFRA_SOFI.MESSAGE_JAVA
------------------------------------------
DELETE FROM MESSAGE_JAVA WHERE CODE_APPLICATION = 'LOGIN';
--------------------------------------------------------
--  Fichier créé - dimanche-mars-06-2016   
--------------------------------------------------------
REM INSERTING into MESSAGE_JAVA
SET DEFINE OFF;
Insert into MESSAGE_JAVA (CLE_MESSAGE,CODE_LOCALE,CODE_APPLICATION,MESSAGE,CODE_SEVERITE,AIDE_CONTEXTUELLE,AIDE_CONTEXTUELLE_HTML,AIDE_CONTEXTUELLE_EXTERNE,CREE_PAR,DATE_CREATION,MODIFIE_PAR,DATE_MODIFICATION,REFERENCE,VERSION,ID_MESSAGE,CODE_CLIENT) values ('login.avertissement.commun.mot_passe_expire','en_US','LOGIN','Your password has expired, please set a new one.','A',null,null,null,'system',to_date('12-08-16','RR-MM-DD'),null,null,null,'1','1775',null);
Insert into MESSAGE_JAVA (CLE_MESSAGE,CODE_LOCALE,CODE_APPLICATION,MESSAGE,CODE_SEVERITE,AIDE_CONTEXTUELLE,AIDE_CONTEXTUELLE_HTML,AIDE_CONTEXTUELLE_EXTERNE,CREE_PAR,DATE_CREATION,MODIFIE_PAR,DATE_MODIFICATION,REFERENCE,VERSION,ID_MESSAGE,CODE_CLIENT) values ('login.avertissement.commun.mot_passe_expire','fr_CA','LOGIN','Votre mot de passe est expiré, veuillez en définir un nouveau s.v.p.','A',null,null,null,'system',to_date('12-08-16','RR-MM-DD'),null,null,null,'1','1776',null);
Insert into MESSAGE_JAVA (CLE_MESSAGE,CODE_LOCALE,CODE_APPLICATION,MESSAGE,CODE_SEVERITE,AIDE_CONTEXTUELLE,AIDE_CONTEXTUELLE_HTML,AIDE_CONTEXTUELLE_EXTERNE,CREE_PAR,DATE_CREATION,MODIFIE_PAR,DATE_MODIFICATION,REFERENCE,VERSION,ID_MESSAGE,CODE_CLIENT) values ('login.information.oublier_mot_passe.echec_envoi_courriel','fr_CA','LOGIN','Un problème est survenu lors de la tentative d''envoi du courriel, contactez l''administrateur du système.','E',null,null,null,'sofi',to_date('12-08-16','RR-MM-DD'),'sofi',to_date('12-08-21','RR-MM-DD'),null,'1','1801',null);
Insert into MESSAGE_JAVA (CLE_MESSAGE,CODE_LOCALE,CODE_APPLICATION,MESSAGE,CODE_SEVERITE,AIDE_CONTEXTUELLE,AIDE_CONTEXTUELLE_HTML,AIDE_CONTEXTUELLE_EXTERNE,CREE_PAR,DATE_CREATION,MODIFIE_PAR,DATE_MODIFICATION,REFERENCE,VERSION,ID_MESSAGE,CODE_CLIENT) values ('login.information.oublier_mot_passe.confirmer_envoi_courriel','fr_CA','LOGIN','Un courriel a été envoyé avec la procédure a suivre.','I',null,null,null,'system',to_date('12-08-16','RR-MM-DD'),null,null,null,'1','1800',null);
Insert into MESSAGE_JAVA (CLE_MESSAGE,CODE_LOCALE,CODE_APPLICATION,MESSAGE,CODE_SEVERITE,AIDE_CONTEXTUELLE,AIDE_CONTEXTUELLE_HTML,AIDE_CONTEXTUELLE_EXTERNE,CREE_PAR,DATE_CREATION,MODIFIE_PAR,DATE_MODIFICATION,REFERENCE,VERSION,ID_MESSAGE,CODE_CLIENT) values ('login.information.oublier_mot_passe.confirmer_envoi_courriel','en_US','LOGIN','An email has been sent with the procedure to follow.','I',null,null,null,'system',to_date('12-08-16','RR-MM-DD'),null,null,null,'1','1799',null);
Insert into MESSAGE_JAVA (CLE_MESSAGE,CODE_LOCALE,CODE_APPLICATION,MESSAGE,CODE_SEVERITE,AIDE_CONTEXTUELLE,AIDE_CONTEXTUELLE_HTML,AIDE_CONTEXTUELLE_EXTERNE,CREE_PAR,DATE_CREATION,MODIFIE_PAR,DATE_MODIFICATION,REFERENCE,VERSION,ID_MESSAGE,CODE_CLIENT) values ('login.information.authentification.fermeture_session','fr_CA','LOGIN','Votre session a été fermée avec succès.','I',null,null,null,'sofi',to_date('12-08-16','RR-MM-DD'),'sofi',to_date('12-08-16','RR-MM-DD'),null,'1','1798',null);
Insert into MESSAGE_JAVA (CLE_MESSAGE,CODE_LOCALE,CODE_APPLICATION,MESSAGE,CODE_SEVERITE,AIDE_CONTEXTUELLE,AIDE_CONTEXTUELLE_HTML,AIDE_CONTEXTUELLE_EXTERNE,CREE_PAR,DATE_CREATION,MODIFIE_PAR,DATE_MODIFICATION,REFERENCE,VERSION,ID_MESSAGE,CODE_CLIENT) values ('login.information.authentification.fermeture_session','en_US','LOGIN','Your session was successfully closed.','I',null,null,null,'sofi',to_date('12-08-16','RR-MM-DD'),'sofi',to_date('12-08-16','RR-MM-DD'),null,'1','1797',null);
Insert into MESSAGE_JAVA (CLE_MESSAGE,CODE_LOCALE,CODE_APPLICATION,MESSAGE,CODE_SEVERITE,AIDE_CONTEXTUELLE,AIDE_CONTEXTUELLE_HTML,AIDE_CONTEXTUELLE_EXTERNE,CREE_PAR,DATE_CREATION,MODIFIE_PAR,DATE_MODIFICATION,REFERENCE,VERSION,ID_MESSAGE,CODE_CLIENT) values ('login.erreur.oublier_mot_passe_codeUtilisateur.invalide','fr_CA','LOGIN','Le nom d''utilisateur inscrit n''est pas valide, veuillez essayer à nouveau !','E',null,null,null,'system',to_date('12-08-16','RR-MM-DD'),'sofi',to_date('12-08-21','RR-MM-DD'),null,'1','1796',null);
Insert into MESSAGE_JAVA (CLE_MESSAGE,CODE_LOCALE,CODE_APPLICATION,MESSAGE,CODE_SEVERITE,AIDE_CONTEXTUELLE,AIDE_CONTEXTUELLE_HTML,AIDE_CONTEXTUELLE_EXTERNE,CREE_PAR,DATE_CREATION,MODIFIE_PAR,DATE_MODIFICATION,REFERENCE,VERSION,ID_MESSAGE,CODE_CLIENT) values ('login.erreur.oublier_mot_passe_codeUtilisateur.invalide','en_US','LOGIN','The user name entered is invalid, please try again!','E',null,null,null,'system',to_date('12-08-16','RR-MM-DD'),'sofi',to_date('12-08-21','RR-MM-DD'),null,'1','1795',null);
Insert into MESSAGE_JAVA (CLE_MESSAGE,CODE_LOCALE,CODE_APPLICATION,MESSAGE,CODE_SEVERITE,AIDE_CONTEXTUELLE,AIDE_CONTEXTUELLE_HTML,AIDE_CONTEXTUELLE_EXTERNE,CREE_PAR,DATE_CREATION,MODIFIE_PAR,DATE_MODIFICATION,REFERENCE,VERSION,ID_MESSAGE,CODE_CLIENT) values ('login.erreur.commun.utilisateur.expire','fr_CA','LOGIN','Le compte de l''utilisateur demandé semble être expiré.','E',null,null,null,null,to_date('12-08-16','RR-MM-DD'),null,null,null,'1','1794',null);
Insert into MESSAGE_JAVA (CLE_MESSAGE,CODE_LOCALE,CODE_APPLICATION,MESSAGE,CODE_SEVERITE,AIDE_CONTEXTUELLE,AIDE_CONTEXTUELLE_HTML,AIDE_CONTEXTUELLE_EXTERNE,CREE_PAR,DATE_CREATION,MODIFIE_PAR,DATE_MODIFICATION,REFERENCE,VERSION,ID_MESSAGE,CODE_CLIENT) values ('login.erreur.commun.utilisateur.expire','en_US','LOGIN','User is expired','E',null,null,null,null,to_date('12-08-16','RR-MM-DD'),null,null,null,'1','1793',null);
Insert into MESSAGE_JAVA (CLE_MESSAGE,CODE_LOCALE,CODE_APPLICATION,MESSAGE,CODE_SEVERITE,AIDE_CONTEXTUELLE,AIDE_CONTEXTUELLE_HTML,AIDE_CONTEXTUELLE_EXTERNE,CREE_PAR,DATE_CREATION,MODIFIE_PAR,DATE_MODIFICATION,REFERENCE,VERSION,ID_MESSAGE,CODE_CLIENT) values ('login.erreur.commun.taille_mot_passe','fr_CA','LOGIN','La taille du mot de passe n''est pas correcte.','E',null,null,null,null,to_date('12-08-16','RR-MM-DD'),null,null,null,'1','1792',null);
Insert into MESSAGE_JAVA (CLE_MESSAGE,CODE_LOCALE,CODE_APPLICATION,MESSAGE,CODE_SEVERITE,AIDE_CONTEXTUELLE,AIDE_CONTEXTUELLE_HTML,AIDE_CONTEXTUELLE_EXTERNE,CREE_PAR,DATE_CREATION,MODIFIE_PAR,DATE_MODIFICATION,REFERENCE,VERSION,ID_MESSAGE,CODE_CLIENT) values ('login.avertissement.commun.nouveau_mot_passe_administrateur','en_US','LOGIN','Your password has been set by the administrator. Please set your own password.','A',null,null,null,'system',to_date('12-08-16','RR-MM-DD'),null,null,null,'1','1777',null);
Insert into MESSAGE_JAVA (CLE_MESSAGE,CODE_LOCALE,CODE_APPLICATION,MESSAGE,CODE_SEVERITE,AIDE_CONTEXTUELLE,AIDE_CONTEXTUELLE_HTML,AIDE_CONTEXTUELLE_EXTERNE,CREE_PAR,DATE_CREATION,MODIFIE_PAR,DATE_MODIFICATION,REFERENCE,VERSION,ID_MESSAGE,CODE_CLIENT) values ('login.avertissement.commun.nouveau_mot_passe_administrateur','fr_CA','LOGIN','Votre mot de passe a été défini par l''administrateur. Veuillez définir votre propre mot de passe.','A',null,null,null,'system',to_date('12-08-16','RR-MM-DD'),null,null,null,'1','1778',null);
Insert into MESSAGE_JAVA (CLE_MESSAGE,CODE_LOCALE,CODE_APPLICATION,MESSAGE,CODE_SEVERITE,AIDE_CONTEXTUELLE,AIDE_CONTEXTUELLE_HTML,AIDE_CONTEXTUELLE_EXTERNE,CREE_PAR,DATE_CREATION,MODIFIE_PAR,DATE_MODIFICATION,REFERENCE,VERSION,ID_MESSAGE,CODE_CLIENT) values ('login.erreur.authentification.codeUtilisateur.invalide','en_US','LOGIN','Username and/or password are invalid.','E',null,null,null,'system',to_date('12-08-16','RR-MM-DD'),null,null,null,'1','1779',null);
Insert into MESSAGE_JAVA (CLE_MESSAGE,CODE_LOCALE,CODE_APPLICATION,MESSAGE,CODE_SEVERITE,AIDE_CONTEXTUELLE,AIDE_CONTEXTUELLE_HTML,AIDE_CONTEXTUELLE_EXTERNE,CREE_PAR,DATE_CREATION,MODIFIE_PAR,DATE_MODIFICATION,REFERENCE,VERSION,ID_MESSAGE,CODE_CLIENT) values ('login.erreur.authentification.codeUtilisateur.invalide','fr_CA','LOGIN','Le nom d''utilisateur et/ou le mot de passe sont invalides.','E',null,null,null,'system',to_date('12-08-16','RR-MM-DD'),null,null,null,'1','1780',null);
Insert into MESSAGE_JAVA (CLE_MESSAGE,CODE_LOCALE,CODE_APPLICATION,MESSAGE,CODE_SEVERITE,AIDE_CONTEXTUELLE,AIDE_CONTEXTUELLE_HTML,AIDE_CONTEXTUELLE_EXTERNE,CREE_PAR,DATE_CREATION,MODIFIE_PAR,DATE_MODIFICATION,REFERENCE,VERSION,ID_MESSAGE,CODE_CLIENT) values ('login.erreur.authentification.codeUtilisateur.obligatoire','en_US','LOGIN','Username and the password are required.','E',null,null,null,'system',to_date('12-08-16','RR-MM-DD'),null,null,null,'1','1781',null);
Insert into MESSAGE_JAVA (CLE_MESSAGE,CODE_LOCALE,CODE_APPLICATION,MESSAGE,CODE_SEVERITE,AIDE_CONTEXTUELLE,AIDE_CONTEXTUELLE_HTML,AIDE_CONTEXTUELLE_EXTERNE,CREE_PAR,DATE_CREATION,MODIFIE_PAR,DATE_MODIFICATION,REFERENCE,VERSION,ID_MESSAGE,CODE_CLIENT) values ('login.erreur.authentification.codeUtilisateur.obligatoire','fr_CA','LOGIN','Le nom d''utilisateur et le mot de passe sont obligatoires.','E',null,null,null,'system',to_date('12-08-16','RR-MM-DD'),null,null,null,'1','1782',null);
Insert into MESSAGE_JAVA (CLE_MESSAGE,CODE_LOCALE,CODE_APPLICATION,MESSAGE,CODE_SEVERITE,AIDE_CONTEXTUELLE,AIDE_CONTEXTUELLE_HTML,AIDE_CONTEXTUELLE_EXTERNE,CREE_PAR,DATE_CREATION,MODIFIE_PAR,DATE_MODIFICATION,REFERENCE,VERSION,ID_MESSAGE,CODE_CLIENT) values ('login.erreur.authentification.motPasse.modifie_avec_succes','en_US','LOGIN','Your password is successfully changed.','I',null,null,null,'system',to_date('12-08-16','RR-MM-DD'),null,null,null,'1','1783',null);
Insert into MESSAGE_JAVA (CLE_MESSAGE,CODE_LOCALE,CODE_APPLICATION,MESSAGE,CODE_SEVERITE,AIDE_CONTEXTUELLE,AIDE_CONTEXTUELLE_HTML,AIDE_CONTEXTUELLE_EXTERNE,CREE_PAR,DATE_CREATION,MODIFIE_PAR,DATE_MODIFICATION,REFERENCE,VERSION,ID_MESSAGE,CODE_CLIENT) values ('login.erreur.authentification.motPasse.modifie_avec_succes','fr_CA','LOGIN','Votre mot de passe est modifié avec succès.','I',null,null,null,'system',to_date('12-08-16','RR-MM-DD'),null,null,null,'1','1784',null);
Insert into MESSAGE_JAVA (CLE_MESSAGE,CODE_LOCALE,CODE_APPLICATION,MESSAGE,CODE_SEVERITE,AIDE_CONTEXTUELLE,AIDE_CONTEXTUELLE_HTML,AIDE_CONTEXTUELLE_EXTERNE,CREE_PAR,DATE_CREATION,MODIFIE_PAR,DATE_MODIFICATION,REFERENCE,VERSION,ID_MESSAGE,CODE_CLIENT) values ('login.erreur.authentification.motPasse.non_identiques','en_US','LOGIN','The new password and confirmation do not match.','E',null,null,null,'system',to_date('12-08-16','RR-MM-DD'),null,null,null,'1','1785',null);
Insert into MESSAGE_JAVA (CLE_MESSAGE,CODE_LOCALE,CODE_APPLICATION,MESSAGE,CODE_SEVERITE,AIDE_CONTEXTUELLE,AIDE_CONTEXTUELLE_HTML,AIDE_CONTEXTUELLE_EXTERNE,CREE_PAR,DATE_CREATION,MODIFIE_PAR,DATE_MODIFICATION,REFERENCE,VERSION,ID_MESSAGE,CODE_CLIENT) values ('login.erreur.authentification.motPasse.non_identiques','fr_CA','LOGIN','Le nouveau mot de passe et la confirmation ne sont pas identiques.','E',null,null,null,'system',to_date('12-08-16','RR-MM-DD'),null,null,null,'1','1786',null);
Insert into MESSAGE_JAVA (CLE_MESSAGE,CODE_LOCALE,CODE_APPLICATION,MESSAGE,CODE_SEVERITE,AIDE_CONTEXTUELLE,AIDE_CONTEXTUELLE_HTML,AIDE_CONTEXTUELLE_EXTERNE,CREE_PAR,DATE_CREATION,MODIFIE_PAR,DATE_MODIFICATION,REFERENCE,VERSION,ID_MESSAGE,CODE_CLIENT) values ('login.erreur.commun.captcha_invalide','en_US','LOGIN','Captcha answer is invalid.','E',null,null,null,'system',to_date('12-08-16','RR-MM-DD'),null,null,null,'1','1787',null);
Insert into MESSAGE_JAVA (CLE_MESSAGE,CODE_LOCALE,CODE_APPLICATION,MESSAGE,CODE_SEVERITE,AIDE_CONTEXTUELLE,AIDE_CONTEXTUELLE_HTML,AIDE_CONTEXTUELLE_EXTERNE,CREE_PAR,DATE_CREATION,MODIFIE_PAR,DATE_MODIFICATION,REFERENCE,VERSION,ID_MESSAGE,CODE_CLIENT) values ('login.erreur.commun.captcha_invalide','fr_CA','LOGIN','La réponse captcha est invalide.','E',null,null,null,'system',to_date('12-08-16','RR-MM-DD'),null,null,null,'1','1788',null);
Insert into MESSAGE_JAVA (CLE_MESSAGE,CODE_LOCALE,CODE_APPLICATION,MESSAGE,CODE_SEVERITE,AIDE_CONTEXTUELLE,AIDE_CONTEXTUELLE_HTML,AIDE_CONTEXTUELLE_EXTERNE,CREE_PAR,DATE_CREATION,MODIFIE_PAR,DATE_MODIFICATION,REFERENCE,VERSION,ID_MESSAGE,CODE_CLIENT) values ('login.erreur.commun.contenu_mot_passe','en_US','LOGIN','Your password need at least one letter and one number','E',null,null,null,null,to_date('12-08-16','RR-MM-DD'),null,null,null,'1','1789',null);
Insert into MESSAGE_JAVA (CLE_MESSAGE,CODE_LOCALE,CODE_APPLICATION,MESSAGE,CODE_SEVERITE,AIDE_CONTEXTUELLE,AIDE_CONTEXTUELLE_HTML,AIDE_CONTEXTUELLE_EXTERNE,CREE_PAR,DATE_CREATION,MODIFIE_PAR,DATE_MODIFICATION,REFERENCE,VERSION,ID_MESSAGE,CODE_CLIENT) values ('login.erreur.commun.contenu_mot_passe','fr_CA','LOGIN','Le mot de passe doit contenir une lettre majuscule, un lettre minuscule et un chiffre au minimum','E',null,null,null,null,to_date('12-08-16','RR-MM-DD'),null,null,null,'1','1790',null);
Insert into MESSAGE_JAVA (CLE_MESSAGE,CODE_LOCALE,CODE_APPLICATION,MESSAGE,CODE_SEVERITE,AIDE_CONTEXTUELLE,AIDE_CONTEXTUELLE_HTML,AIDE_CONTEXTUELLE_EXTERNE,CREE_PAR,DATE_CREATION,MODIFIE_PAR,DATE_MODIFICATION,REFERENCE,VERSION,ID_MESSAGE,CODE_CLIENT) values ('login.erreur.commun.taille_mot_passe','en_US','LOGIN','You need to enter a longer password','E',null,null,null,null,to_date('12-08-16','RR-MM-DD'),null,null,null,'1','1791',null);
Insert into MESSAGE_JAVA (CLE_MESSAGE,CODE_LOCALE,CODE_APPLICATION,MESSAGE,CODE_SEVERITE,AIDE_CONTEXTUELLE,AIDE_CONTEXTUELLE_HTML,AIDE_CONTEXTUELLE_EXTERNE,CREE_PAR,DATE_CREATION,MODIFIE_PAR,DATE_MODIFICATION,REFERENCE,VERSION,ID_MESSAGE,CODE_CLIENT) values ('login.information.changePassord.update_confirm','fr_CA','LOGIN','Votre mot de passe est modifié avec succès.','I',null,null,null,'sofi',to_date('12-08-15','RR-MM-DD'),null,null,null,'1','1811',null);
Insert into MESSAGE_JAVA (CLE_MESSAGE,CODE_LOCALE,CODE_APPLICATION,MESSAGE,CODE_SEVERITE,AIDE_CONTEXTUELLE,AIDE_CONTEXTUELLE_HTML,AIDE_CONTEXTUELLE_EXTERNE,CREE_PAR,DATE_CREATION,MODIFIE_PAR,DATE_MODIFICATION,REFERENCE,VERSION,ID_MESSAGE,CODE_CLIENT) values ('login.error.updatePassord.new_password_no_valid','fr_CA','LOGIN','Votre nouveau mot de passe est non valide, car la confirmation du mot de passe n''est pas identique ou vide.','E',null,null,null,'sofi',to_date('12-08-15','RR-MM-DD'),null,null,null,'1','1807',null);
Insert into MESSAGE_JAVA (CLE_MESSAGE,CODE_LOCALE,CODE_APPLICATION,MESSAGE,CODE_SEVERITE,AIDE_CONTEXTUELLE,AIDE_CONTEXTUELLE_HTML,AIDE_CONTEXTUELLE_EXTERNE,CREE_PAR,DATE_CREATION,MODIFIE_PAR,DATE_MODIFICATION,REFERENCE,VERSION,ID_MESSAGE,CODE_CLIENT) values ('login.error.updatePassord.new_password_no_valid','en_US','LOGIN','Your new password is invalid, because the confirmation of the password is not identical or empty.','E',null,null,null,'sofi',to_date('12-08-15','RR-MM-DD'),null,null,null,'1','1808',null);
Insert into MESSAGE_JAVA (CLE_MESSAGE,CODE_LOCALE,CODE_APPLICATION,MESSAGE,CODE_SEVERITE,AIDE_CONTEXTUELLE,AIDE_CONTEXTUELLE_HTML,AIDE_CONTEXTUELLE_EXTERNE,CREE_PAR,DATE_CREATION,MODIFIE_PAR,DATE_MODIFICATION,REFERENCE,VERSION,ID_MESSAGE,CODE_CLIENT) values ('login.error.forgetPassword.field_user_required','fr_CA','LOGIN','Votre nom d''utilisateur est obligatoire.','E',null,null,null,'sofi',to_date('12-08-15','RR-MM-DD'),null,null,null,'1','1809',null);
Insert into MESSAGE_JAVA (CLE_MESSAGE,CODE_LOCALE,CODE_APPLICATION,MESSAGE,CODE_SEVERITE,AIDE_CONTEXTUELLE,AIDE_CONTEXTUELLE_HTML,AIDE_CONTEXTUELLE_EXTERNE,CREE_PAR,DATE_CREATION,MODIFIE_PAR,DATE_MODIFICATION,REFERENCE,VERSION,ID_MESSAGE,CODE_CLIENT) values ('login.error.forgetPassword.field_user_required','en_US','LOGIN','Your username is required.','E',null,null,null,'sofi',to_date('12-08-15','RR-MM-DD'),'sofi',to_date('12-08-15','RR-MM-DD'),null,'1','1810',null);
Insert into MESSAGE_JAVA (CLE_MESSAGE,CODE_LOCALE,CODE_APPLICATION,MESSAGE,CODE_SEVERITE,AIDE_CONTEXTUELLE,AIDE_CONTEXTUELLE_HTML,AIDE_CONTEXTUELLE_EXTERNE,CREE_PAR,DATE_CREATION,MODIFIE_PAR,DATE_MODIFICATION,REFERENCE,VERSION,ID_MESSAGE,CODE_CLIENT) values ('login.information.changePassord.update_confirm','en_US','LOGIN','Your password is successfully changed.','I',null,null,null,'sofi',to_date('12-08-15','RR-MM-DD'),null,null,null,'1','1812',null);
Insert into MESSAGE_JAVA (CLE_MESSAGE,CODE_LOCALE,CODE_APPLICATION,MESSAGE,CODE_SEVERITE,AIDE_CONTEXTUELLE,AIDE_CONTEXTUELLE_HTML,AIDE_CONTEXTUELLE_EXTERNE,CREE_PAR,DATE_CREATION,MODIFIE_PAR,DATE_MODIFICATION,REFERENCE,VERSION,ID_MESSAGE,CODE_CLIENT) values ('login.info.updateExpiredPassword.explication','fr_CA','LOGIN','Votre mot de passe a été défini par l''administrateur. Veuillez définir votre propre mot de passe.','I',null,null,null,'sofi',to_date('12-08-07','RR-MM-DD'),null,null,null,'1','1803',null);
Insert into MESSAGE_JAVA (CLE_MESSAGE,CODE_LOCALE,CODE_APPLICATION,MESSAGE,CODE_SEVERITE,AIDE_CONTEXTUELLE,AIDE_CONTEXTUELLE_HTML,AIDE_CONTEXTUELLE_EXTERNE,CREE_PAR,DATE_CREATION,MODIFIE_PAR,DATE_MODIFICATION,REFERENCE,VERSION,ID_MESSAGE,CODE_CLIENT) values ('login.info.updateExpiredPassword.explication','en_US','LOGIN','Your password has been set by the administrator. Please set your own password.','I',null,null,null,'sofi',to_date('12-08-07','RR-MM-DD'),'sofi',to_date('12-08-07','RR-MM-DD'),null,'1','1804',null);
Insert into MESSAGE_JAVA (CLE_MESSAGE,CODE_LOCALE,CODE_APPLICATION,MESSAGE,CODE_SEVERITE,AIDE_CONTEXTUELLE,AIDE_CONTEXTUELLE_HTML,AIDE_CONTEXTUELLE_EXTERNE,CREE_PAR,DATE_CREATION,MODIFIE_PAR,DATE_MODIFICATION,REFERENCE,VERSION,ID_MESSAGE,CODE_CLIENT) values ('login.warning.updateExpiredPassword.passwordExpired','fr_CA','LOGIN','Mot de passe expiré','A',null,null,null,'sofi',to_date('12-08-07','RR-MM-DD'),null,null,null,'1','1805',null);
Insert into MESSAGE_JAVA (CLE_MESSAGE,CODE_LOCALE,CODE_APPLICATION,MESSAGE,CODE_SEVERITE,AIDE_CONTEXTUELLE,AIDE_CONTEXTUELLE_HTML,AIDE_CONTEXTUELLE_EXTERNE,CREE_PAR,DATE_CREATION,MODIFIE_PAR,DATE_MODIFICATION,REFERENCE,VERSION,ID_MESSAGE,CODE_CLIENT) values ('login.warning.updateExpiredPassword.passwordExpired','en_US','LOGIN','Expired password','A',null,null,null,'sofi',to_date('12-08-07','RR-MM-DD'),null,null,null,'1','1806',null);
Insert into MESSAGE_JAVA (CLE_MESSAGE,CODE_LOCALE,CODE_APPLICATION,MESSAGE,CODE_SEVERITE,AIDE_CONTEXTUELLE,AIDE_CONTEXTUELLE_HTML,AIDE_CONTEXTUELLE_EXTERNE,CREE_PAR,DATE_CREATION,MODIFIE_PAR,DATE_MODIFICATION,REFERENCE,VERSION,ID_MESSAGE,CODE_CLIENT) values ('login.information.oublier_mot_passe.echec_envoi_courriel','en_US','LOGIN','The email hasn''t been sent, because a system error occurred. Please contact the system administrator.','E',null,null,null,'sofi',to_date('12-07-31','RR-MM-DD'),'sofi',to_date('12-08-21','RR-MM-DD'),null,'1','1802',null);


REM INSERTING into INFRA_SOFI.DOMAINE_VALEUR
--------------------------------------------
